date,day_of_week,is_weekend,is_holiday,staff_on_duty,top_product,avg_margin,seasonality,daily_sales,daily_profit,is_easter_week,is_christmas_week
2015-01-01,4,0,1,0,smartphones,0.0,store_closed,0.0,0.0,0,0
2015-01-02,5,0,0,9,fiber packages,0.28,post_holiday_dip,18557.9,5196.21,0,0
2015-01-03,6,1,0,14,smartphones,0.19,post_holiday_dip,22315.18,4239.88,0,0
2015-01-04,0,1,0,10,accessories,0.28,post_holiday_dip,22025.68,6167.19,0,0
2015-01-05,1,0,0,5,smartphones,0.16,post_holiday_dip,16931.23,2709.0,0,0
2015-01-06,2,0,0,6,smartphones,0.18,post_holiday_dip,16041.49,2887.47,0,0
2015-01-07,3,0,0,7,accessories,0.29,post_holiday_dip,18702.66,5423.77,0,0
2015-01-08,4,0,0,9,fiber packages,0.26,post_holiday_dip,17439.7,4534.32,0,0
2015-01-09,5,0,0,7,accessories,0.29,post_holiday_dip,18165.66,5268.04,0,0
2015-01-10,6,1,0,15,fiber packages,0.26,post_holiday_dip,20639.84,5366.36,0,0
2015-01-11,0,1,0,15,fiber packages,0.29,post_holiday_dip,20865.28,6050.93,0,0
2015-01-12,1,0,0,5,fiber packages,0.26,post_holiday_dip,16897.66,4393.39,0,0
2015-01-13,2,0,0,4,accessories,0.26,post_holiday_dip,16866.0,4385.16,0,0
2015-01-14,3,0,0,6,IoT devices,0.24,post_holiday_dip,18009.87,4322.37,0,0
2015-01-15,4,0,0,8,accessories,0.25,post_holiday_dip,17628.89,4407.22,0,0
2015-01-16,5,0,0,6,smartphones,0.19,post_holiday_dip,18815.14,3574.88,0,0
2015-01-17,6,1,0,14,fiber packages,0.3,post_holiday_dip,20577.5,6173.25,0,0
2015-01-18,0,1,0,14,smartphones,0.2,post_holiday_dip,22054.55,4410.91,0,0
2015-01-19,1,0,0,5,IoT devices,0.21,post_holiday_dip,16417.44,3447.66,0,0
2015-01-20,2,0,0,4,fiber packages,0.28,post_holiday_dip,16254.93,4551.38,0,0
2015-01-21,3,0,0,8,accessories,0.28,post_holiday_dip,17240.95,4827.47,0,0
2015-01-22,4,0,0,9,smartphones,0.16,post_holiday_dip,17547.24,2807.56,0,0
2015-01-23,5,0,0,9,fiber packages,0.29,post_holiday_dip,17863.87,5180.52,0,0
2015-01-24,6,1,0,15,fiber packages,0.25,post_holiday_dip,21733.99,5433.5,0,0
2015-01-25,0,1,0,15,fiber packages,0.26,post_holiday_dip,21419.33,5569.03,0,0
2015-01-26,1,0,0,4,smartphones,0.19,post_holiday_dip,16602.54,3154.48,0,0
2015-01-27,2,0,0,6,IoT devices,0.21,post_holiday_dip,16316.34,3426.43,0,0
2015-01-28,3,0,0,6,IoT devices,0.22,post_holiday_dip,18655.97,4104.31,0,0
2015-01-29,4,0,0,6,IoT devices,0.25,post_holiday_dip,18346.86,4586.72,0,0
2015-01-30,5,0,0,6,IoT devices,0.23,post_holiday_dip,17417.99,4006.14,0,0
2015-01-31,6,1,0,15,smartphones,0.18,post_holiday_dip,21650.12,3897.02,0,0
2015-02-01,0,1,0,15,smartphones,0.18,baseline,23805.97,4285.07,0,0
2015-02-02,1,0,0,4,accessories,0.28,baseline,18775.87,5257.24,0,0
2015-02-03,2,0,0,6,accessories,0.27,baseline,18206.09,4915.64,0,0
2015-02-04,3,0,0,9,fiber packages,0.29,baseline,20008.28,5802.4,0,0
2015-02-05,4,0,0,8,IoT devices,0.23,baseline,19535.18,4493.09,0,0
2015-02-06,5,0,0,6,fiber packages,0.25,baseline,19545.53,4886.38,0,0
2015-02-07,6,1,0,15,accessories,0.28,baseline,22825.36,6391.1,0,0
2015-02-08,0,1,0,14,smartphones,0.19,baseline,24250.79,4607.65,0,0
2015-02-09,1,0,0,4,fiber packages,0.27,baseline,18536.94,5004.97,0,0
2015-02-10,2,0,0,6,smartphones,0.15,baseline,18002.79,2700.42,0,0
2015-02-11,3,0,0,8,fiber packages,0.27,baseline,20217.64,5458.76,0,0
2015-02-12,4,0,0,6,accessories,0.26,baseline,20599.58,5355.89,0,0
2015-02-13,5,0,0,6,smartphones,0.2,baseline,19631.24,3926.25,0,0
2015-02-14,6,1,0,15,fiber packages,0.26,baseline,23794.87,6186.67,0,0
2015-02-15,0,1,0,11,fiber packages,0.28,baseline,24136.24,6758.15,0,0
2015-02-16,1,0,0,6,smartphones,0.18,baseline,18439.26,3319.07,0,0
2015-02-17,2,0,0,4,fiber packages,0.27,baseline,17924.75,4839.68,0,0
2015-02-18,3,0,0,6,smartphones,0.16,baseline,20028.33,3204.53,0,0
2015-02-19,4,0,0,6,fiber packages,0.28,baseline,19892.12,5569.79,0,0
2015-02-20,5,0,0,7,smartphones,0.15,baseline,19446.84,2917.03,0,0
2015-02-21,6,1,0,13,fiber packages,0.27,baseline,24587.27,6638.56,0,0
2015-02-22,0,1,0,12,fiber packages,0.3,baseline,22951.43,6885.43,0,0
2015-02-23,1,0,0,4,IoT devices,0.24,baseline,18233.63,4376.07,0,0
2015-02-24,2,0,0,4,IoT devices,0.24,baseline,18295.01,4390.8,0,0
2015-02-25,3,0,0,9,IoT devices,0.21,baseline,20546.11,4314.68,0,0
2015-02-26,4,0,0,9,IoT devices,0.24,baseline,20643.59,4954.46,0,0
2015-02-27,5,0,0,7,IoT devices,0.23,baseline,20363.16,4683.53,0,0
2015-02-28,6,1,0,10,IoT devices,0.24,baseline,24031.4,5767.54,0,0
2015-03-01,0,1,0,14,IoT devices,0.21,baseline,24821.63,5212.54,0,0
2015-03-02,1,0,0,6,fiber packages,0.29,baseline,18813.51,5455.92,0,0
2015-03-03,2,0,0,6,accessories,0.29,baseline,18016.03,5224.65,0,0
2015-03-04,3,0,0,9,fiber packages,0.25,baseline,20079.99,5020.0,0,0
2015-03-05,4,0,0,6,fiber packages,0.29,baseline,19017.6,5515.1,0,0
2015-03-06,5,0,0,8,fiber packages,0.26,baseline,19231.62,5000.22,0,0
2015-03-07,6,1,0,12,accessories,0.28,baseline,25006.34,7001.78,0,0
2015-03-08,0,1,0,15,fiber packages,0.27,baseline,23117.47,6241.72,0,0
2015-03-09,1,0,0,4,accessories,0.26,baseline,18483.19,4805.63,0,0
2015-03-10,2,0,0,6,IoT devices,0.23,baseline,18874.61,4341.16,0,0
2015-03-11,3,0,0,7,IoT devices,0.24,baseline,20908.29,5017.99,0,0
2015-03-12,4,0,0,8,accessories,0.28,baseline,19215.78,5380.42,0,0
2015-03-13,5,0,0,8,IoT devices,0.24,baseline,20775.9,4986.22,0,0
2015-03-14,6,1,0,11,IoT devices,0.21,baseline,23901.67,5019.35,0,0
2015-03-15,0,1,0,14,accessories,0.26,baseline,23924.2,6220.29,0,0
2015-03-16,1,0,0,5,smartphones,0.2,baseline,17375.42,3475.08,0,0
2015-03-17,2,0,0,6,smartphones,0.18,baseline,17854.21,3213.76,0,0
2015-03-18,3,0,0,9,accessories,0.27,baseline,20421.78,5513.88,0,0
2015-03-19,4,0,0,7,smartphones,0.2,baseline,19212.62,3842.52,0,0
2015-03-20,5,0,0,8,fiber packages,0.29,baseline,20549.17,5959.26,0,0
2015-03-21,6,1,0,13,accessories,0.27,baseline,23807.94,6428.14,0,0
2015-03-22,0,1,0,11,IoT devices,0.24,baseline,22876.21,5490.29,0,0
2015-03-23,1,0,0,6,fiber packages,0.29,baseline,18667.31,5413.52,0,0
2015-03-24,2,0,0,5,fiber packages,0.29,baseline,18264.83,5296.8,0,0
2015-03-25,3,0,0,7,smartphones,0.16,baseline,19525.23,3124.04,0,0
2015-03-26,4,0,0,6,IoT devices,0.24,baseline,19286.64,4628.79,0,0
2015-03-27,5,0,0,7,smartphones,0.18,baseline,20375.68,3667.62,0,0
2015-03-28,6,1,0,14,IoT devices,0.25,baseline,24196.62,6049.15,0,0
2015-03-29,0,1,0,13,IoT devices,0.22,baseline,23097.8,5081.52,0,0
2015-03-30,1,0,0,4,smartphones,0.16,easter_week,20789.63,3326.34,1,0
2015-03-31,2,0,0,6,fiber packages,0.27,easter_week,21002.02,5670.55,1,0
2015-04-01,3,0,0,8,smartphones,0.18,easter_week,22703.75,4086.67,1,0
2015-04-02,4,0,0,8,fiber packages,0.27,easter_week,22689.99,6126.3,1,0
2015-04-03,5,0,1,14,accessories,0.25,easter_week,25278.05,6319.51,1,0
2015-04-04,6,1,0,15,smartphones,0.17,easter_week,26684.06,4536.29,1,0
2015-04-05,0,1,0,15,smartphones,0.15,easter_week,28183.86,4227.58,1,0
2015-04-06,1,0,0,6,IoT devices,0.23,baseline,17135.77,3941.23,0,0
2015-04-07,2,0,0,4,smartphones,0.19,baseline,18859.09,3583.23,0,0
2015-04-08,3,0,0,8,accessories,0.26,baseline,20113.1,5229.41,0,0
2015-04-09,4,0,0,7,fiber packages,0.26,baseline,20069.74,5218.13,0,0
2015-04-10,5,0,0,6,IoT devices,0.25,baseline,19984.16,4996.04,0,0
2015-04-11,6,1,0,15,IoT devices,0.21,baseline,24505.75,5146.21,0,0
2015-04-12,0,1,0,12,accessories,0.27,baseline,24766.37,6686.92,0,0
2015-04-13,1,0,0,5,smartphones,0.16,baseline,17203.28,2752.52,0,0
2015-04-14,2,0,0,6,accessories,0.27,baseline,18831.34,5084.46,0,0
2015-04-15,3,0,0,6,IoT devices,0.24,baseline,20458.22,4909.97,0,0
2015-04-16,4,0,0,9,smartphones,0.19,baseline,20297.94,3856.61,0,0
2015-04-17,5,0,0,7,smartphones,0.18,baseline,19184.28,3453.17,0,0
2015-04-18,6,1,0,14,IoT devices,0.23,baseline,23257.78,5349.29,0,0
2015-04-19,0,1,0,15,smartphones,0.17,baseline,25096.49,4266.4,0,0
2015-04-20,1,0,0,6,fiber packages,0.28,baseline,18411.38,5155.19,0,0
2015-04-21,2,0,0,4,smartphones,0.18,baseline,17987.92,3237.83,0,0
2015-04-22,3,0,0,6,fiber packages,0.3,baseline,19304.58,5791.37,0,0
2015-04-23,4,0,0,8,accessories,0.28,baseline,19943.9,5584.29,0,0
2015-04-24,5,0,0,9,smartphones,0.2,baseline,20187.94,4037.59,0,0
2015-04-25,6,1,1,15,smartphones,0.17,baseline,23660.27,4022.25,0,0
2015-04-26,0,1,0,14,accessories,0.26,baseline,22870.23,5946.26,0,0
2015-04-27,1,0,0,4,fiber packages,0.3,baseline,18800.2,5640.06,0,0
2015-04-28,2,0,0,6,smartphones,0.16,baseline,17750.56,2840.09,0,0
2015-04-29,3,0,0,8,accessories,0.25,baseline,19872.75,4968.19,0,0
2015-04-30,4,0,0,7,smartphones,0.17,baseline,19465.85,3309.19,0,0
2015-05-01,5,0,1,12,smartphones,0.19,baseline,21180.83,4024.36,0,0
2015-05-02,6,1,0,10,smartphones,0.18,baseline,23944.09,4309.94,0,0
2015-05-03,0,1,0,13,accessories,0.26,baseline,22813.73,5931.57,0,0
2015-05-04,1,0,0,5,smartphones,0.19,baseline,17923.81,3405.52,0,0
2015-05-05,2,0,0,5,accessories,0.29,baseline,18107.11,5251.06,0,0
2015-05-06,3,0,0,7,IoT devices,0.22,baseline,20499.65,4509.92,0,0
2015-05-07,4,0,0,6,fiber packages,0.28,baseline,20130.19,5636.45,0,0
2015-05-08,5,0,0,6,accessories,0.29,baseline,19538.87,5666.27,0,0
2015-05-09,6,1,0,14,IoT devices,0.24,baseline,23388.98,5613.36,0,0
2015-05-10,0,1,0,10,IoT devices,0.21,baseline,24240.75,5090.56,0,0
2015-05-11,1,0,0,4,smartphones,0.17,baseline,17459.19,2968.06,0,0
2015-05-12,2,0,0,6,fiber packages,0.28,baseline,17101.06,4788.3,0,0
2015-05-13,3,0,0,6,fiber packages,0.25,baseline,19295.19,4823.8,0,0
2015-05-14,4,0,0,6,IoT devices,0.24,baseline,20044.16,4810.6,0,0
2015-05-15,5,0,0,6,smartphones,0.16,baseline,19346.29,3095.41,0,0
2015-05-16,6,1,0,12,fiber packages,0.28,baseline,22940.04,6423.21,0,0
2015-05-17,0,1,0,12,fiber packages,0.29,baseline,23420.86,6792.05,0,0
2015-05-18,1,0,0,5,fiber packages,0.26,baseline,17348.98,4510.73,0,0
2015-05-19,2,0,0,6,smartphones,0.19,baseline,18013.74,3422.61,0,0
2015-05-20,3,0,0,8,IoT devices,0.24,baseline,20970.88,5033.01,0,0
2015-05-21,4,0,0,6,accessories,0.27,baseline,19022.95,5136.2,0,0
2015-05-22,5,0,0,6,smartphones,0.16,baseline,20757.63,3321.22,0,0
2015-05-23,6,1,0,12,fiber packages,0.29,baseline,23750.24,6887.57,0,0
2015-05-24,0,1,0,14,fiber packages,0.29,baseline,24292.57,7044.85,0,0
2015-05-25,1,0,0,6,accessories,0.28,baseline,18341.61,5135.65,0,0
2015-05-26,2,0,0,4,IoT devices,0.22,baseline,18278.22,4021.21,0,0
2015-05-27,3,0,0,6,fiber packages,0.25,baseline,19830.63,4957.66,0,0
2015-05-28,4,0,0,6,fiber packages,0.25,baseline,20054.07,5013.52,0,0
2015-05-29,5,0,0,6,IoT devices,0.24,baseline,19460.27,4670.46,0,0
2015-05-30,6,1,0,13,fiber packages,0.27,baseline,24046.49,6492.55,0,0
2015-05-31,0,1,0,10,accessories,0.26,baseline,25114.47,6529.76,0,0
2015-06-01,1,0,0,5,fiber packages,0.29,baseline,17178.85,4981.87,0,0
2015-06-02,2,0,0,5,fiber packages,0.25,baseline,18424.16,4606.04,0,0
2015-06-03,3,0,0,9,IoT devices,0.21,baseline,19052.82,4001.09,0,0
2015-06-04,4,0,1,13,accessories,0.26,baseline,21228.06,5519.3,0,0
2015-06-05,5,0,0,8,smartphones,0.19,baseline,19373.08,3680.89,0,0
2015-06-06,6,1,0,14,smartphones,0.2,baseline,25115.63,5023.13,0,0
2015-06-07,0,1,0,14,accessories,0.3,baseline,24204.49,7261.35,0,0
2015-06-08,1,0,0,4,fiber packages,0.29,baseline,17500.59,5075.17,0,0
2015-06-09,2,0,0,5,smartphones,0.17,baseline,17753.36,3018.07,0,0
2015-06-10,3,0,1,12,smartphones,0.17,baseline,20928.43,3557.83,0,0
2015-06-11,4,0,0,7,smartphones,0.17,baseline,19005.56,3230.95,0,0
2015-06-12,5,0,0,8,IoT devices,0.23,baseline,19426.19,4468.02,0,0
2015-06-13,6,1,0,10,accessories,0.28,baseline,23142.58,6479.92,0,0
2015-06-14,0,1,0,12,accessories,0.27,baseline,24891.11,6720.6,0,0
2015-06-15,1,0,0,4,IoT devices,0.2,baseline,18427.4,3685.48,0,0
2015-06-16,2,0,0,4,smartphones,0.19,baseline,18209.13,3459.73,0,0
2015-06-17,3,0,0,8,IoT devices,0.21,baseline,19571.93,4110.11,0,0
2015-06-18,4,0,0,6,accessories,0.29,baseline,19515.85,5659.6,0,0
2015-06-19,5,0,0,6,accessories,0.25,baseline,19988.76,4997.19,0,0
2015-06-20,6,1,0,15,smartphones,0.16,baseline,25044.41,4007.11,0,0
2015-06-21,0,1,0,10,smartphones,0.19,baseline,23363.23,4439.01,0,0
2015-06-22,1,0,0,4,fiber packages,0.28,baseline,18302.62,5124.73,0,0
2015-06-23,2,0,0,6,fiber packages,0.28,baseline,18494.86,5178.56,0,0
2015-06-24,3,0,1,13,smartphones,0.17,baseline,20075.04,3412.76,0,0
2015-06-25,4,0,0,7,smartphones,0.17,baseline,19275.53,3276.84,0,0
2015-06-26,5,0,0,7,smartphones,0.17,baseline,20198.13,3433.68,0,0
2015-06-27,6,1,0,12,accessories,0.28,baseline,23786.78,6660.3,0,0
2015-06-28,0,1,0,12,smartphones,0.17,baseline,24372.07,4143.25,0,0
2015-06-29,1,0,0,5,IoT devices,0.22,baseline,18489.23,4067.63,0,0
2015-06-30,2,0,0,4,IoT devices,0.22,baseline,18259.8,4017.16,0,0
2015-07-01,3,0,0,7,accessories,0.26,summer_dip,18586.17,4832.4,0,0
2015-07-02,4,0,0,7,smartphones,0.19,summer_dip,19607.84,3725.49,0,0
2015-07-03,5,0,0,6,fiber packages,0.28,summer_dip,19138.79,5358.86,0,0
2015-07-04,6,1,0,11,accessories,0.26,summer_dip,22592.03,5873.93,0,0
2015-07-05,0,1,0,14,accessories,0.28,summer_dip,22648.98,6341.71,0,0
2015-07-06,1,0,0,4,fiber packages,0.28,summer_dip,16708.25,4678.31,0,0
2015-07-07,2,0,0,5,accessories,0.28,summer_dip,16095.12,4506.63,0,0
2015-07-08,3,0,0,7,IoT devices,0.25,summer_dip,18932.01,4733.0,0,0
2015-07-09,4,0,0,9,IoT devices,0.24,summer_dip,17477.06,4194.49,0,0
2015-07-10,5,0,0,8,smartphones,0.19,summer_dip,17949.39,3410.38,0,0
2015-07-11,6,1,0,15,fiber packages,0.29,summer_dip,22519.37,6530.62,0,0
2015-07-12,0,1,0,13,accessories,0.26,summer_dip,21458.59,5579.23,0,0
2015-07-13,1,0,0,5,fiber packages,0.3,summer_dip,16751.11,5025.33,0,0
2015-07-14,2,0,0,5,fiber packages,0.28,summer_dip,16808.06,4706.26,0,0
2015-07-15,3,0,0,8,IoT devices,0.24,summer_dip,18768.61,4504.47,0,0
2015-07-16,4,0,0,7,accessories,0.28,summer_dip,19021.91,5326.13,0,0
2015-07-17,5,0,0,9,fiber packages,0.29,summer_dip,17472.81,5067.11,0,0
2015-07-18,6,1,0,13,fiber packages,0.28,summer_dip,22734.65,6365.7,0,0
2015-07-19,0,1,0,15,fiber packages,0.27,summer_dip,21708.17,5861.21,0,0
2015-07-20,1,0,0,5,smartphones,0.17,summer_dip,17125.34,2911.31,0,0
2015-07-21,2,0,0,4,smartphones,0.17,summer_dip,16311.57,2772.97,0,0
2015-07-22,3,0,0,8,fiber packages,0.27,summer_dip,19324.2,5217.53,0,0
2015-07-23,4,0,0,8,smartphones,0.18,summer_dip,17980.06,3236.41,0,0
2015-07-24,5,0,0,8,IoT devices,0.23,summer_dip,18449.25,4243.33,0,0
2015-07-25,6,1,0,14,smartphones,0.2,summer_dip,21714.57,4342.91,0,0
2015-07-26,0,1,0,10,accessories,0.26,summer_dip,23399.66,6083.91,0,0
2015-07-27,1,0,0,5,IoT devices,0.21,summer_dip,16156.27,3392.82,0,0
2015-07-28,2,0,0,4,smartphones,0.16,summer_dip,16700.81,2672.13,0,0
2015-07-29,3,0,0,6,smartphones,0.18,summer_dip,18046.45,3248.36,0,0
2015-07-30,4,0,0,9,accessories,0.28,summer_dip,18724.61,5242.89,0,0
2015-07-31,5,0,0,6,fiber packages,0.25,summer_dip,19342.94,4835.73,0,0
2015-08-01,6,1,0,12,fiber packages,0.29,summer_dip,18380.04,5330.21,0,0
2015-08-02,0,1,0,14,smartphones,0.17,summer_dip,18400.96,3128.16,0,0
2015-08-03,1,0,0,4,IoT devices,0.24,summer_dip,15093.82,3622.52,0,0
2015-08-04,2,0,0,5,fiber packages,0.28,summer_dip,14150.12,3962.03,0,0
2015-08-05,3,0,0,9,accessories,0.29,summer_dip,15671.2,4544.65,0,0
2015-08-06,4,0,0,7,IoT devices,0.21,summer_dip,15276.92,3208.15,0,0
2015-08-07,5,0,0,9,fiber packages,0.26,summer_dip,16521.05,4295.47,0,0
2015-08-08,6,1,0,15,smartphones,0.19,summer_dip,18632.67,3540.21,0,0
2015-08-09,0,1,0,14,fiber packages,0.25,summer_dip,20020.59,5005.15,0,0
2015-08-10,1,0,0,6,smartphones,0.16,summer_dip,14609.34,2337.49,0,0
2015-08-11,2,0,0,5,fiber packages,0.26,summer_dip,13772.81,3580.93,0,0
2015-08-12,3,0,0,7,smartphones,0.16,summer_dip,15744.78,2519.16,0,0
2015-08-13,4,0,0,9,IoT devices,0.25,summer_dip,16711.46,4177.86,0,0
2015-08-14,5,0,0,6,accessories,0.25,summer_dip,16038.56,4009.64,0,0
2015-08-15,6,1,1,14,smartphones,0.16,summer_dip,20050.55,3208.09,0,0
2015-08-16,0,1,0,11,smartphones,0.19,summer_dip,19967.52,3793.83,0,0
2015-08-17,1,0,0,5,smartphones,0.16,summer_dip,14144.89,2263.18,0,0
2015-08-18,2,0,0,4,accessories,0.26,summer_dip,14938.42,3883.99,0,0
2015-08-19,3,0,0,8,accessories,0.27,summer_dip,15645.84,4224.38,0,0
2015-08-20,4,0,0,6,accessories,0.27,summer_dip,16754.99,4523.85,0,0
2015-08-21,5,0,0,7,smartphones,0.16,summer_dip,16212.44,2593.99,0,0
2015-08-22,6,1,0,14,smartphones,0.17,summer_dip,19389.29,3296.18,0,0
2015-08-23,0,1,0,15,accessories,0.3,summer_dip,18628.12,5588.44,0,0
2015-08-24,1,0,0,6,fiber packages,0.28,summer_dip,13701.48,3836.41,0,0
2015-08-25,2,0,0,6,IoT devices,0.22,summer_dip,14621.56,3216.74,0,0
2015-08-26,3,0,0,8,accessories,0.27,summer_dip,15293.26,4129.18,0,0
2015-08-27,4,0,0,9,smartphones,0.18,summer_dip,16778.6,3020.15,0,0
2015-08-28,5,0,0,7,accessories,0.29,summer_dip,16087.72,4665.44,0,0
2015-08-29,6,1,0,15,IoT devices,0.21,summer_dip,19661.76,4128.97,0,0
2015-08-30,0,1,0,13,fiber packages,0.27,summer_dip,18873.07,5095.73,0,0
2015-08-31,1,0,0,4,IoT devices,0.23,summer_dip,14828.06,3410.45,0,0
2015-09-01,2,0,0,6,fiber packages,0.26,summer_recovery,15655.52,4070.44,0,0
2015-09-02,3,0,0,8,smartphones,0.18,summer_recovery,18682.74,3362.89,0,0
2015-09-03,4,0,0,7,IoT devices,0.22,summer_recovery,19229.4,4230.47,0,0
2015-09-04,5,0,0,7,smartphones,0.15,summer_recovery,18547.13,2782.07,0,0
2015-09-05,6,1,0,11,IoT devices,0.22,summer_recovery,21198.7,4663.71,0,0
2015-09-06,0,1,0,14,smartphones,0.2,summer_recovery,22775.25,4555.05,0,0
2015-09-07,1,0,0,6,accessories,0.28,summer_recovery,17037.17,4770.41,0,0
2015-09-08,2,0,0,4,fiber packages,0.26,summer_recovery,16509.91,4292.58,0,0
2015-09-09,3,0,0,8,fiber packages,0.26,summer_recovery,17885.36,4650.19,0,0
2015-09-10,4,0,0,7,fiber packages,0.28,summer_recovery,18969.63,5311.5,0,0
2015-09-11,5,0,0,8,accessories,0.27,summer_recovery,18655.4,5036.96,0,0
2015-09-12,6,1,0,12,fiber packages,0.26,summer_recovery,22623.89,5882.21,0,0
2015-09-13,0,1,0,13,fiber packages,0.26,summer_recovery,21899.31,5693.82,0,0
2015-09-14,1,0,0,4,IoT devices,0.24,summer_recovery,16248.49,3899.64,0,0
2015-09-15,2,0,0,4,IoT devices,0.22,summer_recovery,16445.03,3617.91,0,0
2015-09-16,3,0,0,9,fiber packages,0.29,summer_recovery,17979.49,5214.05,0,0
2015-09-17,4,0,0,8,fiber packages,0.3,summer_recovery,19048.07,5714.42,0,0
2015-09-18,5,0,0,8,smartphones,0.19,summer_recovery,18034.15,3426.49,0,0
2015-09-19,6,1,0,11,IoT devices,0.22,summer_recovery,22308.18,4907.8,0,0
2015-09-20,0,1,0,14,fiber packages,0.29,summer_recovery,22756.23,6599.31,0,0
2015-09-21,1,0,0,4,smartphones,0.18,summer_recovery,15884.65,2859.24,0,0
2015-09-22,2,0,0,4,smartphones,0.18,summer_recovery,16635.25,2994.34,0,0
2015-09-23,3,0,0,9,fiber packages,0.26,summer_recovery,19208.31,4994.16,0,0
2015-09-24,4,0,0,8,accessories,0.26,summer_recovery,17903.79,4654.99,0,0
2015-09-25,5,0,0,9,IoT devices,0.21,summer_recovery,17336.85,3640.74,0,0
2015-09-26,6,1,0,14,smartphones,0.17,summer_recovery,22258.71,3783.98,0,0
2015-09-27,0,1,0,10,smartphones,0.16,summer_recovery,21266.29,3402.61,0,0
2015-09-28,1,0,0,4,IoT devices,0.2,summer_recovery,16770.67,3354.13,0,0
2015-09-29,2,0,0,4,smartphones,0.2,summer_recovery,16378.14,3275.63,0,0
2015-09-30,3,0,0,7,accessories,0.27,summer_recovery,18754.51,5063.72,0,0
2015-10-01,4,0,0,7,accessories,0.26,baseline,20746.06,5393.98,0,0
2015-10-02,5,0,0,7,IoT devices,0.2,baseline,20343.17,4068.63,0,0
2015-10-03,6,1,0,10,accessories,0.3,baseline,24591.54,7377.46,0,0
2015-10-04,0,1,0,14,smartphones,0.16,baseline,23044.7,3687.15,0,0
2015-10-05,1,0,1,11,accessories,0.3,baseline,18646.03,5593.81,0,0
2015-10-06,2,0,0,6,IoT devices,0.23,baseline,17372.37,3995.65,0,0
2015-10-07,3,0,0,8,smartphones,0.16,baseline,19324.91,3091.99,0,0
2015-10-08,4,0,0,7,accessories,0.25,baseline,20463.28,5115.82,0,0
2015-10-09,5,0,0,8,accessories,0.29,baseline,19517.43,5660.05,0,0
2015-10-10,6,1,0,15,IoT devices,0.24,baseline,23103.86,5544.93,0,0
2015-10-11,0,1,0,14,fiber packages,0.28,baseline,25100.23,7028.06,0,0
2015-10-12,1,0,0,4,accessories,0.27,baseline,18440.86,4979.03,0,0
2015-10-13,2,0,0,6,fiber packages,0.29,baseline,18156.97,5265.52,0,0
2015-10-14,3,0,0,9,smartphones,0.15,baseline,19278.82,2891.82,0,0
2015-10-15,4,0,0,8,fiber packages,0.29,baseline,19316.62,5601.82,0,0
2015-10-16,5,0,0,8,accessories,0.28,baseline,20697.78,5795.38,0,0
2015-10-17,6,1,0,15,IoT devices,0.25,baseline,24895.1,6223.77,0,0
2015-10-18,0,1,0,15,IoT devices,0.22,baseline,24886.83,5475.1,0,0
2015-10-19,1,0,0,5,fiber packages,0.29,baseline,18761.68,5440.89,0,0
2015-10-20,2,0,0,4,fiber packages,0.28,baseline,17892.58,5009.92,0,0
2015-10-21,3,0,0,6,accessories,0.29,baseline,20449.13,5930.25,0,0
2015-10-22,4,0,0,8,IoT devices,0.21,baseline,19860.79,4170.77,0,0
2015-10-23,5,0,0,8,fiber packages,0.26,baseline,19452.31,5057.6,0,0
2015-10-24,6,1,0,15,IoT devices,0.24,baseline,24686.23,5924.7,0,0
2015-10-25,0,1,0,11,IoT devices,0.2,baseline,24538.54,4907.71,0,0
2015-10-26,1,0,0,5,accessories,0.29,baseline,17633.13,5113.61,0,0
2015-10-27,2,0,0,4,IoT devices,0.25,baseline,18566.87,4641.72,0,0
2015-10-28,3,0,0,8,smartphones,0.16,baseline,20756.05,3320.97,0,0
2015-10-29,4,0,0,9,IoT devices,0.21,baseline,20723.57,4351.95,0,0
2015-10-30,5,0,0,6,accessories,0.28,baseline,20511.53,5743.23,0,0
2015-10-31,6,1,0,11,fiber packages,0.26,baseline,23971.75,6232.66,0,0
2015-11-01,0,1,1,10,smartphones,0.19,baseline,24506.06,4656.15,0,0
2015-11-02,1,0,0,4,fiber packages,0.27,baseline,17414.3,4701.86,0,0
2015-11-03,2,0,0,6,accessories,0.29,baseline,17790.26,5159.18,0,0
2015-11-04,3,0,0,9,IoT devices,0.24,baseline,20836.1,5000.66,0,0
2015-11-05,4,0,0,9,smartphones,0.16,baseline,20219.44,3235.11,0,0
2015-11-06,5,0,0,8,fiber packages,0.28,baseline,20308.65,5686.42,0,0
2015-11-07,6,1,0,13,IoT devices,0.24,baseline,24843.93,5962.54,0,0
2015-11-08,0,1,0,14,smartphones,0.18,baseline,24319.76,4377.56,0,0
2015-11-09,1,0,0,6,fiber packages,0.28,baseline,17237.66,4826.54,0,0
2015-11-10,2,0,0,4,accessories,0.29,baseline,18707.12,5425.06,0,0
2015-11-11,3,0,0,7,IoT devices,0.23,baseline,19059.92,4383.78,0,0
2015-11-12,4,0,0,8,fiber packages,0.29,baseline,20177.77,5851.55,0,0
2015-11-13,5,0,0,7,fiber packages,0.27,baseline,19204.8,5185.3,0,0
2015-11-14,6,1,0,10,IoT devices,0.23,baseline,24591.39,5656.02,0,0
2015-11-15,0,1,0,10,accessories,0.25,baseline,24831.4,6207.85,0,0
2015-11-16,1,0,0,6,accessories,0.26,baseline,18009.71,4682.52,0,0
2015-11-17,2,0,0,6,IoT devices,0.23,baseline,17664.97,4062.94,0,0
2015-11-18,3,0,0,9,accessories,0.29,baseline,19234.61,5578.04,0,0
2015-11-19,4,0,0,9,IoT devices,0.2,baseline,20932.65,4186.53,0,0
2015-11-20,5,0,0,8,IoT devices,0.21,baseline,19960.52,4191.71,0,0
2015-11-21,6,1,0,14,IoT devices,0.23,baseline,23554.78,5417.6,0,0
2015-11-22,0,1,0,14,fiber packages,0.27,baseline,23215.8,6268.27,0,0
2015-11-23,1,0,0,6,smartphones,0.2,baseline,17919.15,3583.83,0,0
2015-11-24,2,0,0,4,fiber packages,0.26,baseline,17404.38,4525.14,0,0
2015-11-25,3,0,0,6,IoT devices,0.24,baseline,19299.35,4631.84,0,0
2015-11-26,4,0,0,8,IoT devices,0.23,baseline,20970.95,4823.32,0,0
2015-11-27,5,0,0,7,fiber packages,0.28,baseline,20460.1,5728.83,0,0
2015-11-28,6,1,0,13,fiber packages,0.28,baseline,23043.37,6452.14,0,0
2015-11-29,0,1,0,15,smartphones,0.17,black_friday,27245.5,4631.74,0,0
2015-11-30,1,0,0,4,IoT devices,0.22,baseline,17474.61,3844.41,0,0
2015-12-01,2,0,1,13,smartphones,0.18,baseline,18758.28,3376.49,0,0
2015-12-02,3,0,0,8,smartphones,0.16,baseline,20804.65,3328.74,0,0
2015-12-03,4,0,0,6,accessories,0.27,baseline,19403.82,5239.03,0,0
2015-12-04,5,0,0,7,IoT devices,0.2,baseline,19884.88,3976.98,0,0
2015-12-05,6,1,0,15,IoT devices,0.22,baseline,24232.27,5331.1,0,0
2015-12-06,0,1,0,10,IoT devices,0.2,baseline,23858.2,4771.64,0,0
2015-12-07,1,0,0,4,fiber packages,0.29,baseline,18362.9,5325.24,0,0
2015-12-08,2,0,1,13,smartphones,0.19,baseline,18825.42,3576.83,0,0
2015-12-09,3,0,0,6,fiber packages,0.27,baseline,20782.25,5611.21,0,0
2015-12-10,4,0,0,6,IoT devices,0.23,baseline,20643.99,4748.12,0,0
2015-12-11,5,0,0,7,IoT devices,0.23,baseline,19940.01,4586.2,0,0
2015-12-12,6,1,0,15,accessories,0.3,baseline,23754.08,7126.22,0,0
2015-12-13,0,1,0,13,accessories,0.29,baseline,22899.52,6640.86,0,0
2015-12-14,1,0,0,6,smartphones,0.18,baseline,18530.24,3335.44,0,0
2015-12-15,2,0,0,4,IoT devices,0.22,christmas_peak,28304.6,6227.01,0,1
2015-12-16,3,0,0,6,accessories,0.28,christmas_peak,30406.75,8513.89,0,1
2015-12-17,4,0,0,9,IoT devices,0.23,christmas_peak,28933.81,6654.78,0,1
2015-12-18,5,0,0,6,fiber packages,0.3,christmas_peak,29634.82,8890.45,0,1
2015-12-19,6,1,0,10,fiber packages,0.26,christmas_peak,36116.32,9390.24,0,1
2015-12-20,0,1,0,14,smartphones,0.16,christmas_peak,35205.31,5632.85,0,1
2015-12-21,1,0,0,4,IoT devices,0.21,christmas_peak,26254.63,5513.47,0,1
2015-12-22,2,0,0,6,IoT devices,0.24,christmas_peak,27575.82,6618.2,0,1
2015-12-23,3,0,0,9,fiber packages,0.28,christmas_peak,29183.73,8171.44,0,1
2015-12-24,4,0,0,6,IoT devices,0.23,christmas_peak,29569.32,6800.94,0,1
2015-12-25,5,0,1,0,fiber packages,0.0,store_closed,0.0,0.0,0,0
2015-12-26,6,1,0,14,IoT devices,0.23,baseline,23707.05,5452.62,0,0
2015-12-27,0,1,0,14,IoT devices,0.24,baseline,22930.71,5503.37,0,0
2015-12-28,1,0,0,5,IoT devices,0.23,baseline,18624.17,4283.56,0,0
2015-12-29,2,0,0,6,IoT devices,0.24,baseline,17334.46,4160.27,0,0
2015-12-30,3,0,0,7,fiber packages,0.26,baseline,19769.03,5139.95,0,0
2015-12-31,4,0,0,7,fiber packages,0.3,baseline,19170.23,5751.07,0,0
2016-01-01,5,0,1,0,smartphones,0.0,store_closed,0.0,0.0,0,0
2016-01-02,6,1,0,11,smartphones,0.17,post_holiday_dip,22082.55,3754.03,0,0
2016-01-03,0,1,0,11,fiber packages,0.27,post_holiday_dip,21545.53,5817.29,0,0
2016-01-04,1,0,0,6,IoT devices,0.22,post_holiday_dip,16008.51,3521.87,0,0
2016-01-05,2,0,0,5,IoT devices,0.24,post_holiday_dip,16190.94,3885.83,0,0
2016-01-06,3,0,0,7,IoT devices,0.24,post_holiday_dip,18575.15,4458.04,0,0
2016-01-07,4,0,0,9,smartphones,0.16,post_holiday_dip,18753.73,3000.6,0,0
2016-01-08,5,0,0,9,IoT devices,0.22,post_holiday_dip,18936.35,4166.0,0,0
2016-01-09,6,1,0,10,IoT devices,0.25,post_holiday_dip,21434.74,5358.69,0,0
2016-01-10,0,1,0,13,smartphones,0.19,post_holiday_dip,22536.19,4281.88,0,0
2016-01-11,1,0,0,4,IoT devices,0.21,post_holiday_dip,16616.13,3489.39,0,0
2016-01-12,2,0,0,4,accessories,0.28,post_holiday_dip,15985.43,4475.92,0,0
2016-01-13,3,0,0,9,fiber packages,0.3,post_holiday_dip,17967.88,5390.36,0,0
2016-01-14,4,0,0,8,fiber packages,0.25,post_holiday_dip,18920.85,4730.21,0,0
2016-01-15,5,0,0,6,fiber packages,0.3,post_holiday_dip,19006.09,5701.83,0,0
2016-01-16,6,1,0,13,smartphones,0.19,post_holiday_dip,22150.97,4208.68,0,0
2016-01-17,0,1,0,11,accessories,0.27,post_holiday_dip,22769.82,6147.85,0,0
2016-01-18,1,0,0,4,smartphones,0.15,post_holiday_dip,16741.44,2511.22,0,0
2016-01-19,2,0,0,6,smartphones,0.18,post_holiday_dip,16362.72,2945.29,0,0
2016-01-20,3,0,0,8,fiber packages,0.3,post_holiday_dip,18468.9,5540.67,0,0
2016-01-21,4,0,0,7,fiber packages,0.27,post_holiday_dip,18668.29,5040.44,0,0
2016-01-22,5,0,0,7,fiber packages,0.28,post_holiday_dip,19071.87,5340.12,0,0
2016-01-23,6,1,0,10,fiber packages,0.27,post_holiday_dip,21886.25,5909.29,0,0
2016-01-24,0,1,0,13,IoT devices,0.24,post_holiday_dip,21808.42,5234.02,0,0
2016-01-25,1,0,0,4,accessories,0.26,post_holiday_dip,16863.82,4384.59,0,0
2016-01-26,2,0,0,6,IoT devices,0.24,post_holiday_dip,16161.21,3878.69,0,0
2016-01-27,3,0,0,7,smartphones,0.18,post_holiday_dip,18265.84,3287.85,0,0
2016-01-28,4,0,0,6,accessories,0.25,post_holiday_dip,19364.93,4841.23,0,0
2016-01-29,5,0,0,8,IoT devices,0.2,post_holiday_dip,17720.32,3544.06,0,0
2016-01-30,6,1,0,11,smartphones,0.16,post_holiday_dip,22231.33,3557.01,0,0
2016-01-31,0,1,0,15,smartphones,0.17,post_holiday_dip,22503.45,3825.59,0,0
2016-02-01,1,0,0,5,fiber packages,0.26,baseline,18473.49,4803.11,0,0
2016-02-02,2,0,0,6,accessories,0.27,baseline,19361.36,5227.57,0,0
2016-02-03,3,0,0,6,fiber packages,0.27,baseline,21541.99,5816.34,0,0
2016-02-04,4,0,0,7,smartphones,0.15,baseline,21132.75,3169.91,0,0
2016-02-05,5,0,0,6,IoT devices,0.23,baseline,20372.64,4685.71,0,0
2016-02-06,6,1,0,11,IoT devices,0.22,baseline,25080.14,5517.63,0,0
2016-02-07,0,1,0,15,fiber packages,0.28,baseline,23991.92,6717.74,0,0
2016-02-08,1,0,0,6,accessories,0.26,baseline,19031.78,4948.26,0,0
2016-02-09,2,0,0,6,smartphones,0.2,baseline,18082.88,3616.58,0,0
2016-02-10,3,0,0,7,fiber packages,0.29,baseline,19895.44,5769.68,0,0
2016-02-11,4,0,0,9,accessories,0.26,baseline,21067.96,5477.67,0,0
2016-02-12,5,0,0,8,accessories,0.28,baseline,21101.59,5908.45,0,0
2016-02-13,6,1,0,10,fiber packages,0.27,baseline,24615.37,6646.15,0,0
2016-02-14,0,1,0,15,smartphones,0.17,baseline,25911.91,4405.02,0,0
2016-02-15,1,0,0,6,IoT devices,0.24,baseline,19515.57,4683.74,0,0
2016-02-16,2,0,0,4,fiber packages,0.25,baseline,19067.45,4766.86,0,0
2016-02-17,3,0,0,6,smartphones,0.18,baseline,21430.92,3857.57,0,0
2016-02-18,4,0,0,9,smartphones,0.2,baseline,21053.25,4210.65,0,0
2016-02-19,5,0,0,9,IoT devices,0.21,baseline,20977.91,4405.36,0,0
2016-02-20,6,1,0,14,smartphones,0.15,baseline,25642.01,3846.3,0,0
2016-02-21,0,1,0,11,fiber packages,0.25,baseline,24643.58,6160.9,0,0
2016-02-22,1,0,0,5,fiber packages,0.29,baseline,18903.13,5481.91,0,0
2016-02-23,2,0,0,5,fiber packages,0.29,baseline,18241.05,5289.9,0,0
2016-02-24,3,0,0,9,fiber packages,0.3,baseline,20849.02,6254.71,0,0
2016-02-25,4,0,0,7,IoT devices,0.22,baseline,20585.74,4528.86,0,0
2016-02-26,5,0,0,8,fiber packages,0.28,baseline,20421.4,5717.99,0,0
2016-02-27,6,1,0,11,smartphones,0.2,baseline,24956.44,4991.29,0,0
2016-02-28,0,1,0,15,smartphones,0.16,baseline,25804.86,4128.78,0,0
2016-02-29,1,0,0,5,accessories,0.26,baseline,18477.09,4804.04,0,0
2016-03-01,2,0,0,6,smartphones,0.17,baseline,19093.87,3245.96,0,0
2016-03-02,3,0,0,8,smartphones,0.18,baseline,20334.19,3660.15,0,0
2016-03-03,4,0,0,7,accessories,0.27,baseline,20914.14,5646.82,0,0
2016-03-04,5,0,0,9,IoT devices,0.2,baseline,20409.38,4081.88,0,0
2016-03-05,6,1,0,11,fiber packages,0.26,baseline,24543.26,6381.25,0,0
2016-03-06,0,1,0,15,fiber packages,0.27,baseline,25987.36,7016.59,0,0
2016-03-07,1,0,0,5,accessories,0.27,baseline,19372.6,5230.6,0,0
2016-03-08,2,0,0,5,fiber packages,0.26,baseline,19195.85,4990.92,0,0
2016-03-09,3,0,0,6,smartphones,0.17,baseline,20642.87,3509.29,0,0
2016-03-10,4,0,0,8,accessories,0.29,baseline,20350.75,5901.72,0,0
2016-03-11,5,0,0,6,accessories,0.26,baseline,20720.37,5387.3,0,0
2016-03-12,6,1,0,14,smartphones,0.16,baseline,25800.25,4128.04,0,0
2016-03-13,0,1,0,13,fiber packages,0.27,baseline,24712.09,6672.26,0,0
2016-03-14,1,0,0,4,smartphones,0.17,baseline,19297.21,3280.53,0,0
2016-03-15,2,0,0,4,fiber packages,0.29,baseline,18745.24,5436.12,0,0
2016-03-16,3,0,0,7,smartphones,0.2,baseline,21321.48,4264.3,0,0
2016-03-17,4,0,0,9,smartphones,0.19,baseline,21270.69,4041.43,0,0
2016-03-18,5,0,0,9,fiber packages,0.25,baseline,20593.18,5148.3,0,0
2016-03-19,6,1,0,12,fiber packages,0.3,baseline,24477.24,7343.17,0,0
2016-03-20,0,1,0,11,fiber packages,0.29,baseline,23638.88,6855.28,0,0
2016-03-21,1,0,0,6,fiber packages,0.3,easter_week,20371.91,6111.57,1,0
2016-03-22,2,0,0,6,accessories,0.28,easter_week,22268.03,6235.05,1,0
2016-03-23,3,0,0,7,fiber packages,0.28,easter_week,23089.9,6465.17,1,0
2016-03-24,4,0,0,7,fiber packages,0.3,easter_week,24785.37,7435.61,1,0
2016-03-25,5,0,1,12,accessories,0.26,easter_week,25382.8,6599.53,1,0
2016-03-26,6,1,0,10,accessories,0.28,easter_week,27479.5,7694.26,1,0
2016-03-27,0,1,0,14,smartphones,0.18,easter_week,28026.47,5044.76,1,0
2016-03-28,1,0,0,6,fiber packages,0.28,baseline,18915.37,5296.3,0,0
2016-03-29,2,0,0,4,IoT devices,0.22,baseline,18102.46,3982.54,0,0
2016-03-30,3,0,0,9,accessories,0.27,baseline,19783.6,5341.57,0,0
2016-03-31,4,0,0,8,IoT devices,0.22,baseline,19670.56,4327.52,0,0
2016-04-01,5,0,0,6,fiber packages,0.25,baseline,21571.7,5392.93,0,0
2016-04-02,6,1,0,10,fiber packages,0.28,baseline,25999.15,7279.76,0,0
2016-04-03,0,1,0,12,smartphones,0.17,baseline,26030.3,4425.15,0,0
2016-04-04,1,0,0,4,smartphones,0.17,baseline,19066.13,3241.24,0,0
2016-04-05,2,0,0,5,fiber packages,0.27,baseline,18081.81,4882.09,0,0
2016-04-06,3,0,0,7,smartphones,0.18,baseline,21538.11,3876.86,0,0
2016-04-07,4,0,0,8,IoT devices,0.21,baseline,20119.93,4225.19,0,0
2016-04-08,5,0,0,9,smartphones,0.16,baseline,21013.13,3362.1,0,0
2016-04-09,6,1,0,14,accessories,0.27,baseline,24708.66,6671.34,0,0
2016-04-10,0,1,0,15,accessories,0.28,baseline,24256.88,6791.93,0,0
2016-04-11,1,0,0,4,accessories,0.29,baseline,17850.24,5176.57,0,0
2016-04-12,2,0,0,6,IoT devices,0.2,baseline,18825.87,3765.17,0,0
2016-04-13,3,0,0,6,fiber packages,0.3,baseline,20915.29,6274.59,0,0
2016-04-14,4,0,0,7,IoT devices,0.22,baseline,20667.06,4546.75,0,0
2016-04-15,5,0,0,8,IoT devices,0.25,baseline,20916.24,5229.06,0,0
2016-04-16,6,1,0,11,accessories,0.26,baseline,25940.92,6744.64,0,0
2016-04-17,0,1,0,15,smartphones,0.17,baseline,24849.49,4224.41,0,0
2016-04-18,1,0,0,4,accessories,0.27,baseline,18410.88,4970.94,0,0
2016-04-19,2,0,0,6,accessories,0.25,baseline,17921.78,4480.44,0,0
2016-04-20,3,0,0,7,smartphones,0.17,baseline,21252.01,3612.84,0,0
2016-04-21,4,0,0,9,fiber packages,0.26,baseline,20064.32,5216.72,0,0
2016-04-22,5,0,0,7,IoT devices,0.22,baseline,21084.26,4638.54,0,0
2016-04-23,6,1,0,12,smartphones,0.16,baseline,24702.48,3952.4,0,0
2016-04-24,0,1,0,12,fiber packages,0.27,baseline,24641.45,6653.19,0,0
2016-04-25,1,0,1,14,IoT devices,0.24,baseline,19152.95,4596.71,0,0
2016-04-26,2,0,0,4,smartphones,0.16,baseline,19421.46,3107.43,0,0
2016-04-27,3,0,0,9,smartphones,0.17,baseline,21097.86,3586.64,0,0
2016-04-28,4,0,0,7,fiber packages,0.26,baseline,21157.49,5500.95,0,0
2016-04-29,5,0,0,9,smartphones,0.17,baseline,21213.08,3606.22,0,0
2016-04-30,6,1,0,13,fiber packages,0.26,baseline,24189.06,6289.16,0,0
2016-05-01,0,1,1,15,fiber packages,0.28,baseline,25889.72,7249.12,0,0
2016-05-02,1,0,0,4,IoT devices,0.2,baseline,18353.93,3670.79,0,0
2016-05-03,2,0,0,6,IoT devices,0.2,baseline,18145.8,3629.16,0,0
2016-05-04,3,0,0,7,fiber packages,0.3,baseline,21022.8,6306.84,0,0
2016-05-05,4,0,0,7,fiber packages,0.29,baseline,20684.88,5998.62,0,0
2016-05-06,5,0,0,9,smartphones,0.17,baseline,19981.6,3396.87,0,0
2016-05-07,6,1,0,11,fiber packages,0.27,baseline,25950.91,7006.75,0,0
2016-05-08,0,1,0,13,accessories,0.26,baseline,25202.54,6552.66,0,0
2016-05-09,1,0,0,6,accessories,0.26,baseline,19417.18,5048.47,0,0
2016-05-10,2,0,0,5,fiber packages,0.25,baseline,18676.78,4669.19,0,0
2016-05-11,3,0,0,6,fiber packages,0.26,baseline,20690.15,5379.44,0,0
2016-05-12,4,0,0,6,IoT devices,0.23,baseline,19908.57,4578.97,0,0
2016-05-13,5,0,0,9,accessories,0.28,baseline,19726.89,5523.53,0,0
2016-05-14,6,1,0,10,IoT devices,0.23,baseline,23873.73,5490.96,0,0
2016-05-15,0,1,0,15,smartphones,0.16,baseline,24128.29,3860.53,0,0
2016-05-16,1,0,0,4,accessories,0.29,baseline,17716.16,5137.69,0,0
2016-05-17,2,0,0,4,fiber packages,0.28,baseline,19067.15,5338.8,0,0
2016-05-18,3,0,0,7,IoT devices,0.2,baseline,20308.89,4061.78,0,0
2016-05-19,4,0,0,7,accessories,0.28,baseline,19668.34,5507.14,0,0
2016-05-20,5,0,0,9,fiber packages,0.25,baseline,19835.17,4958.79,0,0
2016-05-21,6,1,0,13,IoT devices,0.2,baseline,25659.61,5131.92,0,0
2016-05-22,0,1,0,14,IoT devices,0.23,baseline,25740.38,5920.29,0,0
2016-05-23,1,0,0,6,smartphones,0.2,baseline,19089.23,3817.85,0,0
2016-05-24,2,0,0,4,fiber packages,0.26,baseline,18734.34,4870.93,0,0
2016-05-25,3,0,0,8,fiber packages,0.25,baseline,20363.04,5090.76,0,0
2016-05-26,4,0,1,12,smartphones,0.19,baseline,20663.48,3926.06,0,0
2016-05-27,5,0,0,9,fiber packages,0.26,baseline,19980.62,5194.96,0,0
2016-05-28,6,1,0,11,IoT devices,0.22,baseline,25195.7,5543.05,0,0
2016-05-29,0,1,0,15,smartphones,0.17,baseline,24257.49,4123.77,0,0
2016-05-30,1,0,0,4,IoT devices,0.2,baseline,17860.99,3572.2,0,0
2016-05-31,2,0,0,5,fiber packages,0.26,baseline,18740.48,4872.52,0,0
2016-06-01,3,0,0,9,smartphones,0.17,baseline,21606.88,3673.17,0,0
2016-06-02,4,0,0,7,accessories,0.3,baseline,20322.17,6096.65,0,0
2016-06-03,5,0,0,8,IoT devices,0.22,baseline,19715.25,4337.36,0,0
2016-06-04,6,1,0,15,smartphones,0.15,baseline,24330.42,3649.56,0,0
2016-06-05,0,1,0,10,smartphones,0.17,baseline,25017.98,4253.06,0,0
2016-06-06,1,0,0,4,smartphones,0.2,baseline,17851.44,3570.29,0,0
2016-06-07,2,0,0,4,fiber packages,0.28,baseline,18073.86,5060.68,0,0
2016-06-08,3,0,0,8,accessories,0.27,baseline,20997.63,5669.36,0,0
2016-06-09,4,0,0,9,IoT devices,0.24,baseline,20311.63,4874.79,0,0
2016-06-10,5,0,1,11,IoT devices,0.24,baseline,22473.14,5393.55,0,0
2016-06-11,6,1,0,11,accessories,0.29,baseline,24943.55,7233.63,0,0
2016-06-12,0,1,0,13,fiber packages,0.3,baseline,24211.33,7263.4,0,0
2016-06-13,1,0,0,5,IoT devices,0.21,baseline,18198.58,3821.7,0,0
2016-06-14,2,0,0,6,accessories,0.27,baseline,18079.68,4881.51,0,0
2016-06-15,3,0,0,8,smartphones,0.17,baseline,21224.07,3608.09,0,0
2016-06-16,4,0,0,8,fiber packages,0.26,baseline,21009.95,5462.59,0,0
2016-06-17,5,0,0,9,fiber packages,0.26,baseline,19777.59,5142.17,0,0
2016-06-18,6,1,0,14,IoT devices,0.21,baseline,25162.33,5284.09,0,0
2016-06-19,0,1,0,10,smartphones,0.19,baseline,25471.46,4839.58,0,0
2016-06-20,1,0,0,4,accessories,0.27,baseline,19339.76,5221.74,0,0
2016-06-21,2,0,0,5,IoT devices,0.23,baseline,17723.42,4076.39,0,0
2016-06-22,3,0,0,8,IoT devices,0.21,baseline,21575.72,4530.9,0,0
2016-06-23,4,0,0,9,fiber packages,0.25,baseline,20806.75,5201.69,0,0
2016-06-24,5,0,1,13,smartphones,0.18,baseline,21608.15,3889.47,0,0
2016-06-25,6,1,0,15,fiber packages,0.3,baseline,24361.12,7308.34,0,0
2016-06-26,0,1,0,14,smartphones,0.16,baseline,25515.69,4082.51,0,0
2016-06-27,1,0,0,4,smartphones,0.16,baseline,18652.99,2984.48,0,0
2016-06-28,2,0,0,6,fiber packages,0.28,baseline,18949.12,5305.75,0,0
2016-06-29,3,0,0,7,smartphones,0.15,baseline,20106.11,3015.92,0,0
2016-06-30,4,0,0,8,IoT devices,0.22,baseline,20156.69,4434.47,0,0
2016-07-01,5,0,0,6,smartphones,0.2,summer_dip,19792.39,3958.48,0,0
2016-07-02,6,1,0,12,IoT devices,0.22,summer_dip,22288.85,4903.55,0,0
2016-07-03,0,1,0,10,accessories,0.3,summer_dip,24297.51,7289.25,0,0
2016-07-04,1,0,0,6,fiber packages,0.29,summer_dip,16642.59,4826.35,0,0
2016-07-05,2,0,0,5,smartphones,0.15,summer_dip,16628.13,2494.22,0,0
2016-07-06,3,0,0,8,IoT devices,0.22,summer_dip,18730.75,4120.77,0,0
2016-07-07,4,0,0,7,IoT devices,0.22,summer_dip,18249.76,4014.95,0,0
2016-07-08,5,0,0,7,accessories,0.27,summer_dip,20255.07,5468.87,0,0
2016-07-09,6,1,0,14,IoT devices,0.2,summer_dip,22866.89,4573.38,0,0
2016-07-10,0,1,0,14,accessories,0.29,summer_dip,22999.0,6669.71,0,0
2016-07-11,1,0,0,5,IoT devices,0.22,summer_dip,17468.76,3843.13,0,0
2016-07-12,2,0,0,6,fiber packages,0.29,summer_dip,17518.79,5080.45,0,0
2016-07-13,3,0,0,6,smartphones,0.17,summer_dip,19691.93,3347.63,0,0
2016-07-14,4,0,0,6,smartphones,0.2,summer_dip,19865.16,3973.03,0,0
2016-07-15,5,0,0,7,fiber packages,0.29,summer_dip,20313.43,5890.89,0,0
2016-07-16,6,1,0,10,smartphones,0.16,summer_dip,23665.33,3786.45,0,0
2016-07-17,0,1,0,10,IoT devices,0.23,summer_dip,21961.37,5051.12,0,0
2016-07-18,1,0,0,6,IoT devices,0.21,summer_dip,16968.88,3563.46,0,0
2016-07-19,2,0,0,4,fiber packages,0.28,summer_dip,17330.63,4852.58,0,0
2016-07-20,3,0,0,6,IoT devices,0.24,summer_dip,17978.28,4314.79,0,0
2016-07-21,4,0,0,8,IoT devices,0.23,summer_dip,18784.77,4320.5,0,0
2016-07-22,5,0,0,8,fiber packages,0.3,summer_dip,19488.66,5846.6,0,0
2016-07-23,6,1,0,12,smartphones,0.18,summer_dip,24559.5,4420.71,0,0
2016-07-24,0,1,0,15,IoT devices,0.23,summer_dip,22991.8,5288.11,0,0
2016-07-25,1,0,0,6,IoT devices,0.2,summer_dip,17149.95,3429.99,0,0
2016-07-26,2,0,0,5,accessories,0.27,summer_dip,16502.38,4455.64,0,0
2016-07-27,3,0,0,9,fiber packages,0.26,summer_dip,18853.12,4901.81,0,0
2016-07-28,4,0,0,7,accessories,0.27,summer_dip,19432.71,5246.83,0,0
2016-07-29,5,0,0,6,accessories,0.27,summer_dip,18878.33,5097.15,0,0
2016-07-30,6,1,0,15,IoT devices,0.22,summer_dip,23885.09,5254.72,0,0
2016-07-31,0,1,0,10,smartphones,0.15,summer_dip,24104.34,3615.65,0,0
2016-08-01,1,0,0,5,fiber packages,0.29,summer_dip,14244.39,4130.87,0,0
2016-08-02,2,0,0,4,accessories,0.29,summer_dip,15190.53,4405.25,0,0
2016-08-03,3,0,0,9,IoT devices,0.2,summer_dip,17261.52,3452.3,0,0
2016-08-04,4,0,0,7,IoT devices,0.24,summer_dip,16852.66,4044.64,0,0
2016-08-05,5,0,0,9,smartphones,0.2,summer_dip,17135.02,3427.0,0,0
2016-08-06,6,1,0,10,smartphones,0.17,summer_dip,20863.69,3546.83,0,0
2016-08-07,0,1,0,13,fiber packages,0.25,summer_dip,19662.44,4915.61,0,0
2016-08-08,1,0,0,5,IoT devices,0.21,summer_dip,14167.72,2975.22,0,0
2016-08-09,2,0,0,5,accessories,0.29,summer_dip,14166.75,4108.36,0,0
2016-08-10,3,0,0,7,smartphones,0.17,summer_dip,16181.95,2750.93,0,0
2016-08-11,4,0,0,9,smartphones,0.2,summer_dip,16040.52,3208.1,0,0
2016-08-12,5,0,0,8,accessories,0.29,summer_dip,16026.43,4647.66,0,0
2016-08-13,6,1,0,15,fiber packages,0.27,summer_dip,20664.02,5579.29,0,0
2016-08-14,0,1,0,14,fiber packages,0.3,summer_dip,20130.38,6039.11,0,0
2016-08-15,1,0,1,15,IoT devices,0.21,summer_dip,15180.14,3187.83,0,0
2016-08-16,2,0,0,5,accessories,0.27,summer_dip,15300.86,4131.23,0,0
2016-08-17,3,0,0,8,accessories,0.27,summer_dip,16213.3,4377.59,0,0
2016-08-18,4,0,0,9,IoT devices,0.21,summer_dip,15974.77,3354.7,0,0
2016-08-19,5,0,0,6,accessories,0.3,summer_dip,17145.75,5143.72,0,0
2016-08-20,6,1,0,15,accessories,0.29,summer_dip,20157.69,5845.73,0,0
2016-08-21,0,1,0,11,IoT devices,0.24,summer_dip,19109.8,4586.35,0,0
2016-08-22,1,0,0,6,accessories,0.29,summer_dip,15381.84,4460.73,0,0
2016-08-23,2,0,0,4,IoT devices,0.2,summer_dip,15111.4,3022.28,0,0
2016-08-24,3,0,0,6,accessories,0.27,summer_dip,15981.41,4314.98,0,0
2016-08-25,4,0,0,6,fiber packages,0.27,summer_dip,16498.46,4454.58,0,0
2016-08-26,5,0,0,6,smartphones,0.19,summer_dip,16103.15,3059.6,0,0
2016-08-27,6,1,0,12,IoT devices,0.21,summer_dip,18882.85,3965.4,0,0
2016-08-28,0,1,0,11,accessories,0.26,summer_dip,20421.63,5309.62,0,0
2016-08-29,1,0,0,4,IoT devices,0.21,summer_dip,14790.25,3105.95,0,0
2016-08-30,2,0,0,6,IoT devices,0.24,summer_dip,14202.02,3408.48,0,0
2016-08-31,3,0,0,7,accessories,0.28,summer_dip,16795.9,4702.85,0,0
2016-09-01,4,0,0,7,fiber packages,0.26,summer_recovery,19916.34,5178.25,0,0
2016-09-02,5,0,0,6,IoT devices,0.23,summer_recovery,18639.24,4287.03,0,0
2016-09-03,6,1,0,15,IoT devices,0.21,summer_recovery,22574.76,4740.7,0,0
2016-09-04,0,1,0,15,smartphones,0.2,summer_recovery,23067.65,4613.53,0,0
2016-09-05,1,0,0,4,IoT devices,0.23,summer_recovery,17088.03,3930.25,0,0
2016-09-06,2,0,0,6,fiber packages,0.26,summer_recovery,17054.88,4434.27,0,0
2016-09-07,3,0,0,7,IoT devices,0.24,summer_recovery,19607.18,4705.72,0,0
2016-09-08,4,0,0,9,smartphones,0.17,summer_recovery,19393.92,3296.97,0,0
2016-09-09,5,0,0,8,fiber packages,0.28,summer_recovery,19309.05,5406.53,0,0
2016-09-10,6,1,0,11,smartphones,0.15,summer_recovery,22741.26,3411.19,0,0
2016-09-11,0,1,0,15,accessories,0.29,summer_recovery,22397.1,6495.16,0,0
2016-09-12,1,0,0,5,IoT devices,0.21,summer_recovery,17659.95,3708.59,0,0
2016-09-13,2,0,0,6,accessories,0.28,summer_recovery,17366.62,4862.65,0,0
2016-09-14,3,0,0,6,fiber packages,0.29,summer_recovery,20297.86,5886.38,0,0
2016-09-15,4,0,0,9,fiber packages,0.28,summer_recovery,18755.12,5251.43,0,0
2016-09-16,5,0,0,8,smartphones,0.16,summer_recovery,19226.86,3076.3,0,0
2016-09-17,6,1,0,13,IoT devices,0.21,summer_recovery,23373.15,4908.36,0,0
2016-09-18,0,1,0,13,accessories,0.26,summer_recovery,23374.97,6077.49,0,0
2016-09-19,1,0,0,6,IoT devices,0.25,summer_recovery,17899.33,4474.83,0,0
2016-09-20,2,0,0,6,fiber packages,0.26,summer_recovery,18560.44,4825.71,0,0
2016-09-21,3,0,0,7,smartphones,0.19,summer_recovery,18509.61,3516.83,0,0
2016-09-22,4,0,0,9,accessories,0.28,summer_recovery,19731.5,5524.82,0,0
2016-09-23,5,0,0,8,fiber packages,0.27,summer_recovery,18936.46,5112.84,0,0
2016-09-24,6,1,0,10,accessories,0.28,summer_recovery,24308.92,6806.5,0,0
2016-09-25,0,1,0,11,IoT devices,0.22,summer_recovery,24375.61,5362.63,0,0
2016-09-26,1,0,0,4,accessories,0.26,summer_recovery,16458.0,4279.08,0,0
2016-09-27,2,0,0,4,IoT devices,0.2,summer_recovery,18155.88,3631.18,0,0
2016-09-28,3,0,0,8,smartphones,0.17,summer_recovery,19586.13,3329.64,0,0
2016-09-29,4,0,0,8,fiber packages,0.26,summer_recovery,18667.11,4853.45,0,0
2016-09-30,5,0,0,9,fiber packages,0.28,summer_recovery,19734.2,5525.58,0,0
2016-10-01,6,1,0,13,IoT devices,0.23,baseline,25619.07,5892.39,0,0
2016-10-02,0,1,0,10,fiber packages,0.27,baseline,24716.91,6673.57,0,0
2016-10-03,1,0,0,4,fiber packages,0.3,baseline,18067.73,5420.32,0,0
2016-10-04,2,0,0,4,IoT devices,0.23,baseline,18146.6,4173.72,0,0
2016-10-05,3,0,1,12,fiber packages,0.27,baseline,22305.82,6022.57,0,0
2016-10-06,4,0,0,8,accessories,0.25,baseline,21112.46,5278.11,0,0
2016-10-07,5,0,0,9,accessories,0.28,baseline,21158.12,5924.27,0,0
2016-10-08,6,1,0,12,smartphones,0.19,baseline,23600.07,4484.01,0,0
2016-10-09,0,1,0,13,accessories,0.26,baseline,25196.61,6551.12,0,0
2016-10-10,1,0,0,4,fiber packages,0.28,baseline,18954.05,5307.13,0,0
2016-10-11,2,0,0,4,IoT devices,0.23,baseline,18540.96,4264.42,0,0
2016-10-12,3,0,0,6,accessories,0.27,baseline,21467.53,5796.23,0,0
2016-10-13,4,0,0,6,fiber packages,0.3,baseline,20642.49,6192.75,0,0
2016-10-14,5,0,0,6,IoT devices,0.23,baseline,21252.03,4887.97,0,0
2016-10-15,6,1,0,13,accessories,0.28,baseline,23687.55,6632.51,0,0
2016-10-16,0,1,0,14,IoT devices,0.25,baseline,25596.67,6399.17,0,0
2016-10-17,1,0,0,4,fiber packages,0.28,baseline,18182.88,5091.21,0,0
2016-10-18,2,0,0,4,fiber packages,0.26,baseline,18303.17,4758.82,0,0
2016-10-19,3,0,0,9,accessories,0.3,baseline,20925.95,6277.78,0,0
2016-10-20,4,0,0,9,smartphones,0.16,baseline,21707.81,3473.25,0,0
2016-10-21,5,0,0,6,smartphones,0.17,baseline,21249.83,3612.47,0,0
2016-10-22,6,1,0,13,accessories,0.3,baseline,25326.61,7597.98,0,0
2016-10-23,0,1,0,14,smartphones,0.17,baseline,25311.11,4302.89,0,0
2016-10-24,1,0,0,4,smartphones,0.19,baseline,17722.76,3367.32,0,0
2016-10-25,2,0,0,5,IoT devices,0.21,baseline,18193.5,3820.63,0,0
2016-10-26,3,0,0,9,smartphones,0.16,baseline,20008.07,3201.29,0,0
2016-10-27,4,0,0,7,fiber packages,0.3,baseline,21491.49,6447.45,0,0
2016-10-28,5,0,0,8,IoT devices,0.21,baseline,20591.27,4324.17,0,0
2016-10-29,6,1,0,10,IoT devices,0.23,baseline,23880.16,5492.44,0,0
2016-10-30,0,1,0,14,accessories,0.27,baseline,23911.44,6456.09,0,0
2016-10-31,1,0,0,4,fiber packages,0.27,baseline,18681.87,5044.1,0,0
2016-11-01,2,0,1,12,IoT devices,0.2,baseline,19998.51,3999.7,0,0
2016-11-02,3,0,0,9,fiber packages,0.27,baseline,19755.14,5333.89,0,0
2016-11-03,4,0,0,6,smartphones,0.16,baseline,21547.26,3447.56,0,0
2016-11-04,5,0,0,7,smartphones,0.19,baseline,19723.5,3747.47,0,0
2016-11-05,6,1,0,10,IoT devices,0.2,baseline,23672.81,4734.56,0,0
2016-11-06,0,1,0,13,IoT devices,0.24,baseline,23894.59,5734.7,0,0
2016-11-07,1,0,0,4,smartphones,0.19,baseline,18033.08,3426.29,0,0
2016-11-08,2,0,0,6,IoT devices,0.23,baseline,18700.79,4301.18,0,0
2016-11-09,3,0,0,6,smartphones,0.17,baseline,20566.67,3496.33,0,0
2016-11-10,4,0,0,7,fiber packages,0.27,baseline,20244.93,5466.13,0,0
2016-11-11,5,0,0,7,accessories,0.27,baseline,20101.18,5427.32,0,0
2016-11-12,6,1,0,15,fiber packages,0.28,baseline,24784.43,6939.64,0,0
2016-11-13,0,1,0,11,accessories,0.27,baseline,23711.31,6402.05,0,0
2016-11-14,1,0,0,6,smartphones,0.2,baseline,19321.3,3864.26,0,0
2016-11-15,2,0,0,5,accessories,0.25,baseline,19122.82,4780.7,0,0
2016-11-16,3,0,0,9,IoT devices,0.21,baseline,21224.4,4457.12,0,0
2016-11-17,4,0,0,6,smartphones,0.16,baseline,20648.29,3303.73,0,0
2016-11-18,5,0,0,7,accessories,0.27,baseline,21172.66,5716.62,0,0
2016-11-19,6,1,0,11,smartphones,0.18,baseline,24323.23,4378.18,0,0
2016-11-20,0,1,0,12,accessories,0.3,baseline,24975.0,7492.5,0,0
2016-11-21,1,0,0,6,IoT devices,0.24,baseline,18339.72,4401.53,0,0
2016-11-22,2,0,0,6,fiber packages,0.27,baseline,17826.11,4813.05,0,0
2016-11-23,3,0,0,6,accessories,0.29,baseline,21546.1,6248.37,0,0
2016-11-24,4,0,0,6,accessories,0.29,baseline,20754.96,6018.94,0,0
2016-11-25,5,0,0,9,fiber packages,0.28,baseline,21551.88,6034.53,0,0
2016-11-26,6,1,0,13,fiber packages,0.28,baseline,25945.54,7264.75,0,0
2016-11-27,0,1,0,13,smartphones,0.18,black_friday,27139.35,4885.08,0,0
2016-11-28,1,0,0,4,accessories,0.27,baseline,19040.2,5140.85,0,0
2016-11-29,2,0,0,6,accessories,0.29,baseline,18844.78,5464.99,0,0
2016-11-30,3,0,0,8,smartphones,0.18,baseline,20803.1,3744.56,0,0
2016-12-01,4,0,1,11,smartphones,0.2,baseline,21856.79,4371.36,0,0
2016-12-02,5,0,0,7,accessories,0.26,baseline,21168.68,5503.86,0,0
2016-12-03,6,1,0,13,accessories,0.29,baseline,23726.38,6880.65,0,0
2016-12-04,0,1,0,13,fiber packages,0.27,baseline,24459.75,6604.13,0,0
2016-12-05,1,0,0,5,IoT devices,0.21,baseline,18357.21,3855.01,0,0
2016-12-06,2,0,0,4,accessories,0.29,baseline,18537.89,5375.99,0,0
2016-12-07,3,0,0,6,accessories,0.27,baseline,19998.54,5399.61,0,0
2016-12-08,4,0,1,11,accessories,0.27,baseline,21874.51,5906.12,0,0
2016-12-09,5,0,0,6,IoT devices,0.24,baseline,20193.2,4846.37,0,0
2016-12-10,6,1,0,10,accessories,0.29,baseline,24031.25,6969.06,0,0
2016-12-11,0,1,0,12,IoT devices,0.23,baseline,24212.04,5568.77,0,0
2016-12-12,1,0,0,5,accessories,0.25,baseline,18589.93,4647.48,0,0
2016-12-13,2,0,0,6,accessories,0.27,baseline,19420.82,5243.62,0,0
2016-12-14,3,0,0,9,accessories,0.25,baseline,21169.68,5292.42,0,0
2016-12-15,4,0,0,9,fiber packages,0.29,christmas_peak,32906.47,9542.88,0,1
2016-12-16,5,0,0,9,smartphones,0.16,christmas_peak,33193.66,5310.99,0,1
2016-12-17,6,1,0,12,IoT devices,0.24,christmas_peak,38192.4,9166.18,0,1
2016-12-18,0,1,0,14,smartphones,0.17,christmas_peak,35236.48,5990.2,0,1
2016-12-19,1,0,0,4,smartphones,0.2,christmas_peak,27349.86,5469.97,0,1
2016-12-20,2,0,0,6,IoT devices,0.22,christmas_peak,28263.61,6217.99,0,1
2016-12-21,3,0,0,7,fiber packages,0.27,christmas_peak,29742.56,8030.49,0,1
2016-12-22,4,0,0,9,smartphones,0.19,christmas_peak,30999.48,5889.9,0,1
2016-12-23,5,0,0,6,accessories,0.27,christmas_peak,31877.31,8606.87,0,1
2016-12-24,6,1,0,10,smartphones,0.15,christmas_peak,35811.45,5371.72,0,1
2016-12-25,0,1,1,0,fiber packages,0.0,store_closed,0.0,0.0,0,0
2016-12-26,1,0,0,5,IoT devices,0.24,baseline,19287.14,4628.91,0,0
2016-12-27,2,0,0,5,accessories,0.28,baseline,18583.04,5203.25,0,0
2016-12-28,3,0,0,8,smartphones,0.17,baseline,21165.18,3598.08,0,0
2016-12-29,4,0,0,9,IoT devices,0.21,baseline,21468.3,4508.34,0,0
2016-12-30,5,0,0,9,accessories,0.26,baseline,21649.93,5628.98,0,0
2016-12-31,6,1,0,12,smartphones,0.19,baseline,25683.05,4879.78,0,0
2017-01-01,0,1,1,0,smartphones,0.0,store_closed,0.0,0.0,0,0
2017-01-02,1,0,0,5,smartphones,0.2,post_holiday_dip,16471.82,3294.36,0,0
2017-01-03,2,0,0,5,accessories,0.29,post_holiday_dip,17049.67,4944.4,0,0
2017-01-04,3,0,0,6,accessories,0.27,post_holiday_dip,20100.5,5427.14,0,0
2017-01-05,4,0,0,7,fiber packages,0.27,post_holiday_dip,20055.48,5414.98,0,0
2017-01-06,5,0,0,6,fiber packages,0.27,post_holiday_dip,19974.82,5393.2,0,0
2017-01-07,6,1,0,11,smartphones,0.19,post_holiday_dip,22391.97,4254.47,0,0
2017-01-08,0,1,0,13,IoT devices,0.23,post_holiday_dip,23962.63,5511.4,0,0
2017-01-09,1,0,0,6,IoT devices,0.22,post_holiday_dip,16786.5,3693.03,0,0
2017-01-10,2,0,0,5,accessories,0.29,post_holiday_dip,18116.05,5253.65,0,0
2017-01-11,3,0,0,6,accessories,0.28,post_holiday_dip,18368.65,5143.22,0,0
2017-01-12,4,0,0,6,fiber packages,0.3,post_holiday_dip,19493.85,5848.15,0,0
2017-01-13,5,0,0,8,accessories,0.29,post_holiday_dip,20048.59,5814.09,0,0
2017-01-14,6,1,0,12,accessories,0.29,post_holiday_dip,23469.64,6806.2,0,0
2017-01-15,0,1,0,12,accessories,0.26,post_holiday_dip,22237.68,5781.8,0,0
2017-01-16,1,0,0,5,IoT devices,0.25,post_holiday_dip,17516.84,4379.21,0,0
2017-01-17,2,0,0,4,IoT devices,0.24,post_holiday_dip,17381.37,4171.53,0,0
2017-01-18,3,0,0,8,accessories,0.26,post_holiday_dip,19738.34,5131.97,0,0
2017-01-19,4,0,0,7,smartphones,0.19,post_holiday_dip,19130.51,3634.8,0,0
2017-01-20,5,0,0,6,fiber packages,0.29,post_holiday_dip,19900.27,5771.08,0,0
2017-01-21,6,1,0,14,fiber packages,0.27,post_holiday_dip,24249.12,6547.26,0,0
2017-01-22,0,1,0,12,IoT devices,0.23,post_holiday_dip,23666.6,5443.32,0,0
2017-01-23,1,0,0,6,IoT devices,0.21,post_holiday_dip,18153.61,3812.26,0,0
2017-01-24,2,0,0,6,accessories,0.29,post_holiday_dip,17039.35,4941.41,0,0
2017-01-25,3,0,0,6,smartphones,0.17,post_holiday_dip,19587.38,3329.85,0,0
2017-01-26,4,0,0,8,fiber packages,0.28,post_holiday_dip,18483.69,5175.43,0,0
2017-01-27,5,0,0,7,fiber packages,0.29,post_holiday_dip,19603.91,5685.13,0,0
2017-01-28,6,1,0,14,fiber packages,0.26,post_holiday_dip,22391.0,5821.66,0,0
2017-01-29,0,1,0,15,smartphones,0.2,post_holiday_dip,22385.65,4477.13,0,0
2017-01-30,1,0,0,5,fiber packages,0.29,post_holiday_dip,17084.38,4954.47,0,0
2017-01-31,2,0,0,6,fiber packages,0.28,post_holiday_dip,17707.2,4958.02,0,0
2017-02-01,3,0,0,7,accessories,0.26,baseline,22087.37,5742.72,0,0
2017-02-02,4,0,0,7,smartphones,0.17,baseline,20684.11,3516.3,0,0
2017-02-03,5,0,0,8,accessories,0.25,baseline,20438.35,5109.59,0,0
2017-02-04,6,1,0,13,IoT devices,0.22,baseline,24641.65,5421.16,0,0
2017-02-05,0,1,0,14,IoT devices,0.23,baseline,24771.0,5697.33,0,0
2017-02-06,1,0,0,4,accessories,0.29,baseline,19358.51,5613.97,0,0
2017-02-07,2,0,0,4,accessories,0.3,baseline,20105.23,6031.57,0,0
2017-02-08,3,0,0,8,accessories,0.25,baseline,21978.98,5494.74,0,0
2017-02-09,4,0,0,9,fiber packages,0.27,baseline,21335.06,5760.47,0,0
2017-02-10,5,0,0,7,IoT devices,0.21,baseline,20784.65,4364.78,0,0
2017-02-11,6,1,0,13,fiber packages,0.25,baseline,24567.96,6141.99,0,0
2017-02-12,0,1,0,14,accessories,0.26,baseline,26029.46,6767.66,0,0
2017-02-13,1,0,0,5,smartphones,0.19,baseline,19827.02,3767.13,0,0
2017-02-14,2,0,0,5,accessories,0.28,baseline,19815.48,5548.33,0,0
2017-02-15,3,0,0,8,accessories,0.27,baseline,22271.59,6013.33,0,0
2017-02-16,4,0,0,8,IoT devices,0.2,baseline,21423.21,4284.64,0,0
2017-02-17,5,0,0,6,IoT devices,0.2,baseline,22254.9,4450.98,0,0
2017-02-18,6,1,0,12,smartphones,0.16,baseline,26304.62,4208.74,0,0
2017-02-19,0,1,0,13,fiber packages,0.27,baseline,26049.25,7033.3,0,0
2017-02-20,1,0,0,5,smartphones,0.2,baseline,19994.96,3998.99,0,0
2017-02-21,2,0,0,5,IoT devices,0.23,baseline,19908.85,4579.04,0,0
2017-02-22,3,0,0,6,accessories,0.27,baseline,22036.4,5949.83,0,0
2017-02-23,4,0,0,6,accessories,0.26,baseline,21245.82,5523.91,0,0
2017-02-24,5,0,0,9,accessories,0.27,baseline,21682.12,5854.17,0,0
2017-02-25,6,1,0,14,accessories,0.29,baseline,25102.53,7279.73,0,0
2017-02-26,0,1,0,11,accessories,0.29,baseline,26148.78,7583.15,0,0
2017-02-27,1,0,0,6,fiber packages,0.29,baseline,18686.32,5419.03,0,0
2017-02-28,2,0,0,4,IoT devices,0.21,baseline,19214.07,4034.95,0,0
2017-03-01,3,0,0,9,smartphones,0.15,baseline,20590.49,3088.57,0,0
2017-03-02,4,0,0,9,smartphones,0.16,baseline,21823.59,3491.77,0,0
2017-03-03,5,0,0,6,fiber packages,0.26,baseline,21452.78,5577.72,0,0
2017-03-04,6,1,0,15,accessories,0.28,baseline,25109.33,7030.61,0,0
2017-03-05,0,1,0,11,smartphones,0.15,baseline,24661.38,3699.21,0,0
2017-03-06,1,0,0,6,IoT devices,0.25,baseline,18415.12,4603.78,0,0
2017-03-07,2,0,0,6,accessories,0.28,baseline,18682.17,5231.01,0,0
2017-03-08,3,0,0,7,IoT devices,0.23,baseline,21432.12,4929.39,0,0
2017-03-09,4,0,0,8,smartphones,0.19,baseline,20508.55,3896.62,0,0
2017-03-10,5,0,0,6,smartphones,0.17,baseline,22033.86,3745.76,0,0
2017-03-11,6,1,0,15,smartphones,0.16,baseline,25002.87,4000.46,0,0
2017-03-12,0,1,0,13,IoT devices,0.25,baseline,26871.49,6717.87,0,0
2017-03-13,1,0,0,6,smartphones,0.2,baseline,19733.7,3946.74,0,0
2017-03-14,2,0,0,6,accessories,0.26,baseline,19543.47,5081.3,0,0
2017-03-15,3,0,0,9,fiber packages,0.29,baseline,21491.7,6232.59,0,0
2017-03-16,4,0,0,8,IoT devices,0.21,baseline,21145.14,4440.48,0,0
2017-03-17,5,0,0,7,IoT devices,0.22,baseline,20525.26,4515.56,0,0
2017-03-18,6,1,0,12,smartphones,0.19,baseline,26570.09,5048.32,0,0
2017-03-19,0,1,0,13,smartphones,0.18,baseline,25612.94,4610.33,0,0
2017-03-20,1,0,0,6,fiber packages,0.27,baseline,19416.87,5242.55,0,0
2017-03-21,2,0,0,4,IoT devices,0.23,baseline,19771.59,4547.47,0,0
2017-03-22,3,0,0,8,IoT devices,0.24,baseline,22212.61,5331.03,0,0
2017-03-23,4,0,0,7,IoT devices,0.22,baseline,22268.62,4899.1,0,0
2017-03-24,5,0,0,7,fiber packages,0.26,baseline,21086.84,5482.58,0,0
2017-03-25,6,1,0,15,fiber packages,0.3,baseline,24798.95,7439.68,0,0
2017-03-26,0,1,0,13,IoT devices,0.21,baseline,26418.52,5547.89,0,0
2017-03-27,1,0,0,5,IoT devices,0.23,baseline,18424.0,4237.52,0,0
2017-03-28,2,0,0,4,smartphones,0.18,baseline,20064.82,3611.67,0,0
2017-03-29,3,0,0,9,smartphones,0.2,baseline,20447.27,4089.45,0,0
2017-03-30,4,0,0,7,fiber packages,0.29,baseline,20887.39,6057.34,0,0
2017-03-31,5,0,0,9,smartphones,0.19,baseline,21271.79,4041.64,0,0
2017-04-01,6,1,0,14,smartphones,0.15,baseline,24823.93,3723.59,0,0
2017-04-02,0,1,0,15,smartphones,0.19,baseline,25694.63,4881.98,0,0
2017-04-03,1,0,0,5,fiber packages,0.26,baseline,19823.33,5154.07,0,0
2017-04-04,2,0,0,5,IoT devices,0.22,baseline,18800.88,4136.19,0,0
2017-04-05,3,0,0,8,accessories,0.28,baseline,20499.98,5739.99,0,0
2017-04-06,4,0,0,6,fiber packages,0.28,baseline,22298.97,6243.71,0,0
2017-04-07,5,0,0,8,accessories,0.28,baseline,21674.75,6068.93,0,0
2017-04-08,6,1,0,13,IoT devices,0.2,baseline,24988.79,4997.76,0,0
2017-04-09,0,1,0,12,fiber packages,0.27,baseline,24466.42,6605.93,0,0
2017-04-10,1,0,0,4,fiber packages,0.25,easter_week,22738.77,5684.69,1,0
2017-04-11,2,0,0,6,accessories,0.26,easter_week,21276.68,5531.94,1,0
2017-04-12,3,0,0,9,fiber packages,0.27,easter_week,23870.13,6444.94,1,0
2017-04-13,4,0,0,7,smartphones,0.16,easter_week,23775.04,3804.01,1,0
2017-04-14,5,0,1,12,IoT devices,0.23,easter_week,25824.31,5939.59,1,0
2017-04-15,6,1,0,15,smartphones,0.2,easter_week,29093.22,5818.64,1,0
2017-04-16,0,1,0,14,fiber packages,0.28,easter_week,29325.9,8211.25,1,0
2017-04-17,1,0,0,5,IoT devices,0.23,baseline,19677.5,4525.82,0,0
2017-04-18,2,0,0,4,smartphones,0.16,baseline,19187.66,3070.03,0,0
2017-04-19,3,0,0,7,IoT devices,0.23,baseline,21428.47,4928.55,0,0
2017-04-20,4,0,0,7,smartphones,0.16,baseline,20680.06,3308.81,0,0
2017-04-21,5,0,0,6,accessories,0.28,baseline,21352.03,5978.57,0,0
2017-04-22,6,1,0,15,fiber packages,0.28,baseline,25311.11,7087.11,0,0
2017-04-23,0,1,0,15,accessories,0.28,baseline,24621.51,6894.02,0,0
2017-04-24,1,0,0,6,accessories,0.27,baseline,20102.52,5427.68,0,0
2017-04-25,2,0,1,12,smartphones,0.18,baseline,20687.02,3723.66,0,0
2017-04-26,3,0,0,7,IoT devices,0.21,baseline,22318.3,4686.84,0,0
2017-04-27,4,0,0,9,IoT devices,0.23,baseline,22139.7,5092.13,0,0
2017-04-28,5,0,0,8,smartphones,0.17,baseline,21609.73,3673.65,0,0
2017-04-29,6,1,0,15,smartphones,0.16,baseline,26717.76,4274.84,0,0
2017-04-30,0,1,0,11,accessories,0.28,baseline,25000.32,7000.09,0,0
2017-05-01,1,0,1,14,IoT devices,0.24,baseline,21215.2,5091.65,0,0
2017-05-02,2,0,0,6,IoT devices,0.2,baseline,18676.0,3735.2,0,0
2017-05-03,3,0,0,8,accessories,0.25,baseline,21078.31,5269.58,0,0
2017-05-04,4,0,0,8,fiber packages,0.29,baseline,21763.27,6311.35,0,0
2017-05-05,5,0,0,6,accessories,0.25,baseline,21793.39,5448.35,0,0
2017-05-06,6,1,0,11,smartphones,0.16,baseline,25879.16,4140.67,0,0
2017-05-07,0,1,0,13,accessories,0.28,baseline,26582.24,7443.03,0,0
2017-05-08,1,0,0,5,IoT devices,0.23,baseline,18455.76,4244.82,0,0
2017-05-09,2,0,0,5,smartphones,0.19,baseline,18519.21,3518.65,0,0
2017-05-10,3,0,0,6,fiber packages,0.26,baseline,20830.09,5415.82,0,0
2017-05-11,4,0,0,8,accessories,0.29,baseline,20644.78,5986.99,0,0
2017-05-12,5,0,0,8,IoT devices,0.21,baseline,21101.39,4431.29,0,0
2017-05-13,6,1,0,15,fiber packages,0.27,baseline,25845.65,6978.33,0,0
2017-05-14,0,1,0,15,IoT devices,0.22,baseline,25944.85,5707.87,0,0
2017-05-15,1,0,0,6,fiber packages,0.28,baseline,19367.36,5422.86,0,0
2017-05-16,2,0,0,6,smartphones,0.15,baseline,19617.14,2942.57,0,0
2017-05-17,3,0,0,7,smartphones,0.19,baseline,20585.12,3911.17,0,0
2017-05-18,4,0,0,6,fiber packages,0.26,baseline,21994.33,5718.53,0,0
2017-05-19,5,0,0,8,accessories,0.29,baseline,22017.85,6385.18,0,0
2017-05-20,6,1,0,14,IoT devices,0.21,baseline,26879.54,5644.7,0,0
2017-05-21,0,1,0,13,fiber packages,0.29,baseline,26850.3,7786.59,0,0
2017-05-22,1,0,0,4,smartphones,0.18,baseline,19457.69,3502.38,0,0
2017-05-23,2,0,0,5,IoT devices,0.21,baseline,19138.81,4019.15,0,0
2017-05-24,3,0,0,6,IoT devices,0.21,baseline,21830.63,4584.43,0,0
2017-05-25,4,0,0,9,accessories,0.29,baseline,20964.95,6079.84,0,0
2017-05-26,5,0,0,7,accessories,0.28,baseline,22445.11,6284.63,0,0
2017-05-27,6,1,0,13,smartphones,0.16,baseline,25285.99,4045.76,0,0
2017-05-28,0,1,0,14,accessories,0.26,baseline,25507.61,6631.98,0,0
2017-05-29,1,0,0,5,accessories,0.27,baseline,19599.34,5291.82,0,0
2017-05-30,2,0,0,6,accessories,0.27,baseline,19458.82,5253.88,0,0
2017-05-31,3,0,0,7,smartphones,0.15,baseline,20350.24,3052.54,0,0
2017-06-01,4,0,0,8,accessories,0.28,baseline,21633.64,6057.42,0,0
2017-06-02,5,0,0,8,fiber packages,0.27,baseline,20456.03,5523.13,0,0
2017-06-03,6,1,0,15,IoT devices,0.24,baseline,25057.74,6013.86,0,0
2017-06-04,0,1,0,12,smartphones,0.15,baseline,25265.58,3789.84,0,0
2017-06-05,1,0,0,5,IoT devices,0.21,baseline,19971.01,4193.91,0,0
2017-06-06,2,0,0,5,smartphones,0.19,baseline,19158.18,3640.05,0,0
2017-06-07,3,0,0,6,accessories,0.26,baseline,21167.5,5503.55,0,0
2017-06-08,4,0,0,8,accessories,0.27,baseline,20586.47,5558.35,0,0
2017-06-09,5,0,0,6,accessories,0.28,baseline,22413.07,6275.66,0,0
2017-06-10,6,1,1,14,smartphones,0.16,baseline,25842.07,4134.73,0,0
2017-06-11,0,1,0,15,smartphones,0.2,baseline,26718.46,5343.69,0,0
2017-06-12,1,0,0,6,fiber packages,0.27,baseline,19054.57,5144.73,0,0
2017-06-13,2,0,0,5,fiber packages,0.27,baseline,19871.07,5365.19,0,0
2017-06-14,3,0,0,9,fiber packages,0.26,baseline,21447.09,5576.24,0,0
2017-06-15,4,0,1,10,fiber packages,0.28,baseline,21503.26,6020.91,0,0
2017-06-16,5,0,0,6,IoT devices,0.24,baseline,21575.42,5178.1,0,0
2017-06-17,6,1,0,10,accessories,0.28,baseline,26251.54,7350.43,0,0
2017-06-18,0,1,0,12,accessories,0.27,baseline,26135.15,7056.49,0,0
2017-06-19,1,0,0,6,IoT devices,0.2,baseline,19848.03,3969.61,0,0
2017-06-20,2,0,0,5,accessories,0.26,baseline,19279.78,5012.74,0,0
2017-06-21,3,0,0,9,IoT devices,0.23,baseline,21718.27,4995.2,0,0
2017-06-22,4,0,0,6,IoT devices,0.23,baseline,22445.98,5162.58,0,0
2017-06-23,5,0,0,9,accessories,0.28,baseline,20920.72,5857.8,0,0
2017-06-24,6,1,1,14,smartphones,0.17,baseline,24988.83,4248.1,0,0
2017-06-25,0,1,0,11,smartphones,0.19,baseline,25035.23,4756.69,0,0
2017-06-26,1,0,0,5,smartphones,0.17,baseline,20081.1,3413.79,0,0
2017-06-27,2,0,0,6,fiber packages,0.27,baseline,18954.01,5117.58,0,0
2017-06-28,3,0,0,9,fiber packages,0.25,baseline,21514.02,5378.51,0,0
2017-06-29,4,0,0,7,fiber packages,0.27,baseline,21854.77,5900.79,0,0
2017-06-30,5,0,0,6,fiber packages,0.28,baseline,20776.89,5817.53,0,0
2017-07-01,6,1,0,13,accessories,0.29,summer_dip,24781.55,7186.65,0,0
2017-07-02,0,1,0,10,fiber packages,0.29,summer_dip,24098.53,6988.57,0,0
2017-07-03,1,0,0,5,accessories,0.28,summer_dip,17895.05,5010.61,0,0
2017-07-04,2,0,0,4,fiber packages,0.28,summer_dip,18368.53,5143.19,0,0
2017-07-05,3,0,0,8,IoT devices,0.22,summer_dip,19751.91,4345.42,0,0
2017-07-06,4,0,0,6,accessories,0.27,summer_dip,20245.37,5466.25,0,0
2017-07-07,5,0,0,8,fiber packages,0.27,summer_dip,20965.78,5660.76,0,0
2017-07-08,6,1,0,14,smartphones,0.19,summer_dip,22184.54,4215.06,0,0
2017-07-09,0,1,0,11,accessories,0.28,summer_dip,22887.45,6408.49,0,0
2017-07-10,1,0,0,5,IoT devices,0.23,summer_dip,18231.12,4193.16,0,0
2017-07-11,2,0,0,4,fiber packages,0.26,summer_dip,16698.53,4341.62,0,0
2017-07-12,3,0,0,8,fiber packages,0.26,summer_dip,19467.54,5061.56,0,0
2017-07-13,4,0,0,6,fiber packages,0.26,summer_dip,20336.15,5287.4,0,0
2017-07-14,5,0,0,9,accessories,0.28,summer_dip,20680.85,5790.64,0,0
2017-07-15,6,1,0,11,smartphones,0.15,summer_dip,24226.35,3633.95,0,0
2017-07-16,0,1,0,11,smartphones,0.18,summer_dip,23587.97,4245.83,0,0
2017-07-17,1,0,0,4,IoT devices,0.23,summer_dip,17829.84,4100.86,0,0
2017-07-18,2,0,0,6,accessories,0.28,summer_dip,16890.35,4729.3,0,0
2017-07-19,3,0,0,9,fiber packages,0.26,summer_dip,19824.94,5154.48,0,0
2017-07-20,4,0,0,9,accessories,0.27,summer_dip,19163.49,5174.14,0,0
2017-07-21,5,0,0,7,accessories,0.26,summer_dip,20553.88,5344.01,0,0
2017-07-22,6,1,0,15,fiber packages,0.26,summer_dip,23807.76,6190.02,0,0
2017-07-23,0,1,0,14,fiber packages,0.28,summer_dip,22535.42,6309.92,0,0
2017-07-24,1,0,0,6,accessories,0.3,summer_dip,18001.9,5400.57,0,0
2017-07-25,2,0,0,4,fiber packages,0.28,summer_dip,18175.51,5089.14,0,0
2017-07-26,3,0,0,8,fiber packages,0.26,summer_dip,20104.88,5227.27,0,0
2017-07-27,4,0,0,8,IoT devices,0.22,summer_dip,20748.79,4564.73,0,0
2017-07-28,5,0,0,7,IoT devices,0.22,summer_dip,19506.88,4291.51,0,0
2017-07-29,6,1,0,12,IoT devices,0.21,summer_dip,24319.25,5107.04,0,0
2017-07-30,0,1,0,14,smartphones,0.2,summer_dip,22940.58,4588.12,0,0
2017-07-31,1,0,0,5,accessories,0.29,summer_dip,17634.17,5113.91,0,0
2017-08-01,2,0,0,5,IoT devices,0.24,summer_dip,15041.47,3609.95,0,0
2017-08-02,3,0,0,9,fiber packages,0.3,summer_dip,17852.57,5355.77,0,0
2017-08-03,4,0,0,8,IoT devices,0.21,summer_dip,16818.44,3531.87,0,0
2017-08-04,5,0,0,7,smartphones,0.2,summer_dip,17356.77,3471.35,0,0
2017-08-05,6,1,0,15,fiber packages,0.3,summer_dip,21204.48,6361.34,0,0
2017-08-06,0,1,0,11,fiber packages,0.27,summer_dip,20779.01,5610.33,0,0
2017-08-07,1,0,0,5,accessories,0.25,summer_dip,14858.44,3714.61,0,0
2017-08-08,2,0,0,5,IoT devices,0.21,summer_dip,15375.25,3228.8,0,0
2017-08-09,3,0,0,6,smartphones,0.2,summer_dip,16762.32,3352.46,0,0
2017-08-10,4,0,0,6,smartphones,0.18,summer_dip,17109.27,3079.67,0,0
2017-08-11,5,0,0,7,fiber packages,0.3,summer_dip,17010.46,5103.14,0,0
2017-08-12,6,1,0,12,smartphones,0.16,summer_dip,19636.98,3141.92,0,0
2017-08-13,0,1,0,15,fiber packages,0.26,summer_dip,19883.2,5169.63,0,0
2017-08-14,1,0,0,4,smartphones,0.15,summer_dip,14899.67,2234.95,0,0
2017-08-15,2,0,1,15,accessories,0.3,summer_dip,15952.13,4785.64,0,0
2017-08-16,3,0,0,8,accessories,0.3,summer_dip,17699.84,5309.95,0,0
2017-08-17,4,0,0,8,smartphones,0.17,summer_dip,16346.31,2778.87,0,0
2017-08-18,5,0,0,7,IoT devices,0.24,summer_dip,17364.65,4167.52,0,0
2017-08-19,6,1,0,11,IoT devices,0.24,summer_dip,20923.83,5021.72,0,0
2017-08-20,0,1,0,10,smartphones,0.18,summer_dip,21067.63,3792.17,0,0
2017-08-21,1,0,0,4,IoT devices,0.22,summer_dip,15341.64,3375.16,0,0
2017-08-22,2,0,0,5,IoT devices,0.22,summer_dip,15167.4,3336.83,0,0
2017-08-23,3,0,0,6,accessories,0.26,summer_dip,16604.26,4317.11,0,0
2017-08-24,4,0,0,6,accessories,0.3,summer_dip,16848.65,5054.6,0,0
2017-08-25,5,0,0,8,smartphones,0.16,summer_dip,17099.12,2735.86,0,0
2017-08-26,6,1,0,11,accessories,0.3,summer_dip,19542.86,5862.86,0,0
2017-08-27,0,1,0,15,IoT devices,0.2,summer_dip,21507.32,4301.46,0,0
2017-08-28,1,0,0,6,fiber packages,0.29,summer_dip,15358.36,4453.92,0,0
2017-08-29,2,0,0,4,fiber packages,0.27,summer_dip,14699.85,3968.96,0,0
2017-08-30,3,0,0,6,smartphones,0.16,summer_dip,16852.28,2696.36,0,0
2017-08-31,4,0,0,9,accessories,0.28,summer_dip,17304.79,4845.34,0,0
2017-09-01,5,0,0,7,fiber packages,0.27,summer_recovery,18864.25,5093.35,0,0
2017-09-02,6,1,0,12,fiber packages,0.25,summer_recovery,24483.51,6120.88,0,0
2017-09-03,0,1,0,13,accessories,0.29,summer_recovery,24389.83,7073.05,0,0
2017-09-04,1,0,0,5,IoT devices,0.24,summer_recovery,16595.83,3983.0,0,0
2017-09-05,2,0,0,5,smartphones,0.18,summer_recovery,17463.54,3143.44,0,0
2017-09-06,3,0,0,8,accessories,0.28,summer_recovery,19668.34,5507.14,0,0
2017-09-07,4,0,0,6,IoT devices,0.22,summer_recovery,20027.47,4406.04,0,0
2017-09-08,5,0,0,8,IoT devices,0.21,summer_recovery,19186.04,4029.07,0,0
2017-09-09,6,1,0,13,IoT devices,0.2,summer_recovery,24257.59,4851.52,0,0
2017-09-10,0,1,0,15,smartphones,0.19,summer_recovery,23817.14,4525.26,0,0
2017-09-11,1,0,0,6,IoT devices,0.25,summer_recovery,18126.87,4531.72,0,0
2017-09-12,2,0,0,4,accessories,0.29,summer_recovery,17669.34,5124.11,0,0
2017-09-13,3,0,0,7,accessories,0.28,summer_recovery,20601.79,5768.5,0,0
2017-09-14,4,0,0,9,accessories,0.29,summer_recovery,20434.05,5925.87,0,0
2017-09-15,5,0,0,9,fiber packages,0.29,summer_recovery,19502.92,5655.85,0,0
2017-09-16,6,1,0,15,smartphones,0.18,summer_recovery,24731.65,4451.7,0,0
2017-09-17,0,1,0,14,smartphones,0.19,summer_recovery,23127.63,4394.25,0,0
2017-09-18,1,0,0,6,IoT devices,0.22,summer_recovery,18112.62,3984.78,0,0
2017-09-19,2,0,0,5,fiber packages,0.25,summer_recovery,17127.06,4281.77,0,0
2017-09-20,3,0,0,9,accessories,0.28,summer_recovery,20115.2,5632.26,0,0
2017-09-21,4,0,0,6,fiber packages,0.27,summer_recovery,20288.53,5477.9,0,0
2017-09-22,5,0,0,7,IoT devices,0.23,summer_recovery,20143.05,4632.9,0,0
2017-09-23,6,1,0,14,smartphones,0.19,summer_recovery,22910.89,4353.07,0,0
2017-09-24,0,1,0,10,smartphones,0.19,summer_recovery,24065.43,4572.43,0,0
2017-09-25,1,0,0,6,fiber packages,0.26,summer_recovery,18130.26,4713.87,0,0
2017-09-26,2,0,0,4,smartphones,0.2,summer_recovery,17517.83,3503.57,0,0
2017-09-27,3,0,0,7,smartphones,0.2,summer_recovery,20103.04,4020.61,0,0
2017-09-28,4,0,0,8,accessories,0.27,summer_recovery,19145.39,5169.26,0,0
2017-09-29,5,0,0,6,IoT devices,0.2,summer_recovery,19550.07,3910.01,0,0
2017-09-30,6,1,0,11,IoT devices,0.22,summer_recovery,23614.64,5195.22,0,0
2017-10-01,0,1,0,11,accessories,0.28,baseline,24638.61,6898.81,0,0
2017-10-02,1,0,0,4,IoT devices,0.21,baseline,19101.21,4011.25,0,0
2017-10-03,2,0,0,4,accessories,0.29,baseline,18987.16,5506.28,0,0
2017-10-04,3,0,0,6,IoT devices,0.22,baseline,20573.36,4526.14,0,0
2017-10-05,4,0,1,12,fiber packages,0.3,baseline,21888.54,6566.56,0,0
2017-10-06,5,0,0,7,smartphones,0.2,baseline,21824.95,4364.99,0,0
2017-10-07,6,1,0,13,accessories,0.27,baseline,26121.74,7052.87,0,0
2017-10-08,0,1,0,10,IoT devices,0.21,baseline,26136.55,5488.68,0,0
2017-10-09,1,0,0,5,smartphones,0.18,baseline,19123.32,3442.2,0,0
2017-10-10,2,0,0,5,fiber packages,0.28,baseline,18714.38,5240.03,0,0
2017-10-11,3,0,0,6,smartphones,0.18,baseline,21403.84,3852.69,0,0
2017-10-12,4,0,0,8,IoT devices,0.24,baseline,20963.49,5031.24,0,0
2017-10-13,5,0,0,9,smartphones,0.19,baseline,20842.69,3960.11,0,0
2017-10-14,6,1,0,15,IoT devices,0.23,baseline,24737.12,5689.54,0,0
2017-10-15,0,1,0,14,smartphones,0.17,baseline,24863.89,4226.86,0,0
2017-10-16,1,0,0,5,IoT devices,0.23,baseline,18865.54,4339.07,0,0
2017-10-17,2,0,0,6,fiber packages,0.28,baseline,18777.44,5257.68,0,0
2017-10-18,3,0,0,8,IoT devices,0.24,baseline,20793.27,4990.38,0,0
2017-10-19,4,0,0,9,fiber packages,0.29,baseline,20936.17,6071.49,0,0
2017-10-20,5,0,0,9,fiber packages,0.27,baseline,21885.59,5909.11,0,0
2017-10-21,6,1,0,11,IoT devices,0.21,baseline,25709.04,5398.9,0,0
2017-10-22,0,1,0,14,IoT devices,0.22,baseline,25684.1,5650.5,0,0
2017-10-23,1,0,0,6,fiber packages,0.25,baseline,19315.95,4828.99,0,0
2017-10-24,2,0,0,6,accessories,0.26,baseline,19049.28,4952.81,0,0
2017-10-25,3,0,0,6,smartphones,0.2,baseline,20566.51,4113.3,0,0
2017-10-26,4,0,0,6,IoT devices,0.21,baseline,21035.08,4417.37,0,0
2017-10-27,5,0,0,7,smartphones,0.18,baseline,22237.14,4002.69,0,0
2017-10-28,6,1,0,14,accessories,0.29,baseline,24683.23,7158.14,0,0
2017-10-29,0,1,0,11,fiber packages,0.26,baseline,25885.38,6730.2,0,0
2017-10-30,1,0,0,6,fiber packages,0.3,baseline,19780.04,5934.01,0,0
2017-10-31,2,0,0,5,accessories,0.27,baseline,19322.73,5217.14,0,0
2017-11-01,3,0,1,15,fiber packages,0.25,baseline,22798.13,5699.53,0,0
2017-11-02,4,0,0,9,smartphones,0.18,baseline,20575.42,3703.58,0,0
2017-11-03,5,0,0,8,fiber packages,0.27,baseline,22293.37,6019.21,0,0
2017-11-04,6,1,0,13,fiber packages,0.28,baseline,24663.21,6905.7,0,0
2017-11-05,0,1,0,15,IoT devices,0.23,baseline,26400.41,6072.09,0,0
2017-11-06,1,0,0,6,IoT devices,0.21,baseline,19513.91,4097.92,0,0
2017-11-07,2,0,0,6,IoT devices,0.21,baseline,18650.76,3916.66,0,0
2017-11-08,3,0,0,8,smartphones,0.19,baseline,21616.77,4107.19,0,0
2017-11-09,4,0,0,7,fiber packages,0.28,baseline,22208.81,6218.47,0,0
2017-11-10,5,0,0,7,IoT devices,0.21,baseline,22362.22,4696.07,0,0
2017-11-11,6,1,0,15,IoT devices,0.23,baseline,26190.66,6023.85,0,0
2017-11-12,0,1,0,14,smartphones,0.16,baseline,25515.41,4082.47,0,0
2017-11-13,1,0,0,4,fiber packages,0.25,baseline,19643.72,4910.93,0,0
2017-11-14,2,0,0,6,IoT devices,0.21,baseline,19312.99,4055.73,0,0
2017-11-15,3,0,0,6,accessories,0.27,baseline,21906.05,5914.63,0,0
2017-11-16,4,0,0,7,smartphones,0.17,baseline,22456.89,3817.67,0,0
2017-11-17,5,0,0,7,fiber packages,0.28,baseline,21991.77,6157.7,0,0
2017-11-18,6,1,0,14,smartphones,0.16,baseline,26084.82,4173.57,0,0
2017-11-19,0,1,0,14,fiber packages,0.26,baseline,26764.99,6958.9,0,0
2017-11-20,1,0,0,4,smartphones,0.16,baseline,20170.12,3227.22,0,0
2017-11-21,2,0,0,4,smartphones,0.17,baseline,19168.7,3258.68,0,0
2017-11-22,3,0,0,8,smartphones,0.2,baseline,21093.59,4218.72,0,0
2017-11-23,4,0,0,7,smartphones,0.16,baseline,21643.86,3463.02,0,0
2017-11-24,5,0,0,7,fiber packages,0.27,baseline,22425.02,6054.76,0,0
2017-11-25,6,1,0,11,smartphones,0.17,baseline,24698.83,4198.8,0,0
2017-11-26,0,1,0,12,fiber packages,0.29,black_friday,29119.59,8444.68,0,0
2017-11-27,1,0,0,6,accessories,0.29,baseline,18766.55,5442.3,0,0
2017-11-28,2,0,0,6,fiber packages,0.3,baseline,18579.94,5573.98,0,0
2017-11-29,3,0,0,8,IoT devices,0.22,baseline,20413.64,4491.0,0,0
2017-11-30,4,0,0,9,smartphones,0.19,baseline,22199.88,4217.98,0,0
2017-12-01,5,0,1,13,fiber packages,0.27,baseline,23089.6,6234.19,0,0
2017-12-02,6,1,0,14,smartphones,0.18,baseline,26123.12,4702.16,0,0
2017-12-03,0,1,0,15,IoT devices,0.22,baseline,24814.4,5459.17,0,0
2017-12-04,1,0,0,4,fiber packages,0.28,baseline,19974.03,5592.73,0,0
2017-12-05,2,0,0,5,IoT devices,0.2,baseline,19251.31,3850.26,0,0
2017-12-06,3,0,0,8,smartphones,0.15,baseline,21529.04,3229.36,0,0
2017-12-07,4,0,0,7,fiber packages,0.27,baseline,20980.94,5664.85,0,0
2017-12-08,5,0,1,10,accessories,0.25,baseline,23572.86,5893.22,0,0
2017-12-09,6,1,0,15,IoT devices,0.25,baseline,26794.34,6698.59,0,0
2017-12-10,0,1,0,13,fiber packages,0.29,baseline,25183.33,7303.17,0,0
2017-12-11,1,0,0,6,smartphones,0.19,baseline,19475.72,3700.39,0,0
2017-12-12,2,0,0,4,smartphones,0.18,baseline,18847.45,3392.54,0,0
2017-12-13,3,0,0,9,accessories,0.28,baseline,21495.57,6018.76,0,0
2017-12-14,4,0,0,9,fiber packages,0.26,baseline,20382.44,5299.43,0,0
2017-12-15,5,0,0,7,IoT devices,0.2,christmas_peak,29137.31,5827.46,0,1
2017-12-16,6,1,0,14,IoT devices,0.21,christmas_peak,40741.26,8555.66,0,1
2017-12-17,0,1,0,13,IoT devices,0.25,christmas_peak,37159.59,9289.9,0,1
2017-12-18,1,0,0,4,smartphones,0.19,christmas_peak,28194.31,5356.92,0,1
2017-12-19,2,0,0,5,fiber packages,0.28,christmas_peak,27301.02,7644.29,0,1
2017-12-20,3,0,0,8,IoT devices,0.25,christmas_peak,31096.49,7774.12,0,1
2017-12-21,4,0,0,9,smartphones,0.16,christmas_peak,33768.6,5402.98,0,1
2017-12-22,5,0,0,8,IoT devices,0.21,christmas_peak,33939.67,7127.33,0,1
2017-12-23,6,1,0,11,accessories,0.26,christmas_peak,39397.24,10243.28,0,1
2017-12-24,0,1,0,10,IoT devices,0.24,christmas_peak,36927.44,8862.59,0,1
2017-12-25,1,0,1,0,accessories,0.0,store_closed,0.0,0.0,0,0
2017-12-26,2,0,0,6,smartphones,0.2,baseline,18595.22,3719.04,0,0
2017-12-27,3,0,0,8,fiber packages,0.28,baseline,21042.15,5891.8,0,0
2017-12-28,4,0,0,7,fiber packages,0.27,baseline,21225.86,5730.98,0,0
2017-12-29,5,0,0,8,smartphones,0.15,baseline,20494.5,3074.17,0,0
2017-12-30,6,1,0,13,IoT devices,0.25,baseline,26221.18,6555.3,0,0
2017-12-31,0,1,0,14,accessories,0.29,baseline,26421.72,7662.3,0,0
2018-01-01,1,0,1,0,fiber packages,0.0,store_closed,0.0,0.0,0,0
2018-01-02,2,0,0,6,fiber packages,0.28,post_holiday_dip,17413.97,4875.91,0,0
2018-01-03,3,0,0,7,smartphones,0.16,post_holiday_dip,19133.4,3061.34,0,0
2018-01-04,4,0,0,9,IoT devices,0.25,post_holiday_dip,19351.46,4837.86,0,0
2018-01-05,5,0,0,6,IoT devices,0.21,post_holiday_dip,19486.31,4092.13,0,0
2018-01-06,6,1,0,10,smartphones,0.18,post_holiday_dip,23091.01,4156.38,0,0
2018-01-07,0,1,0,12,smartphones,0.16,post_holiday_dip,24542.24,3926.76,0,0
2018-01-08,1,0,0,5,fiber packages,0.28,post_holiday_dip,18250.61,5110.17,0,0
2018-01-09,2,0,0,4,accessories,0.28,post_holiday_dip,17516.22,4904.54,0,0
2018-01-10,3,0,0,8,accessories,0.28,post_holiday_dip,19090.72,5345.4,0,0
2018-01-11,4,0,0,6,fiber packages,0.29,post_holiday_dip,20247.59,5871.8,0,0
2018-01-12,5,0,0,9,fiber packages,0.26,post_holiday_dip,20876.41,5427.87,0,0
2018-01-13,6,1,0,12,smartphones,0.17,post_holiday_dip,24894.79,4232.11,0,0
2018-01-14,0,1,0,12,fiber packages,0.26,post_holiday_dip,23465.46,6101.02,0,0
2018-01-15,1,0,0,4,fiber packages,0.29,post_holiday_dip,17125.17,4966.3,0,0
2018-01-16,2,0,0,5,fiber packages,0.29,post_holiday_dip,18298.98,5306.7,0,0
2018-01-17,3,0,0,6,fiber packages,0.25,post_holiday_dip,19797.52,4949.38,0,0
2018-01-18,4,0,0,9,IoT devices,0.21,post_holiday_dip,20294.34,4261.81,0,0
2018-01-19,5,0,0,9,fiber packages,0.26,post_holiday_dip,20342.42,5289.03,0,0
2018-01-20,6,1,0,13,IoT devices,0.2,post_holiday_dip,23193.88,4638.78,0,0
2018-01-21,0,1,0,15,fiber packages,0.27,post_holiday_dip,24484.53,6610.82,0,0
2018-01-22,1,0,0,4,fiber packages,0.26,post_holiday_dip,18777.62,4882.18,0,0
2018-01-23,2,0,0,6,accessories,0.29,post_holiday_dip,17903.32,5191.96,0,0
2018-01-24,3,0,0,9,IoT devices,0.23,post_holiday_dip,20015.09,4603.47,0,0
2018-01-25,4,0,0,7,fiber packages,0.28,post_holiday_dip,20782.06,5818.98,0,0
2018-01-26,5,0,0,6,fiber packages,0.26,post_holiday_dip,19678.81,5116.49,0,0
2018-01-27,6,1,0,13,IoT devices,0.23,post_holiday_dip,24887.09,5724.03,0,0
2018-01-28,0,1,0,12,fiber packages,0.25,post_holiday_dip,23554.32,5888.58,0,0
2018-01-29,1,0,0,6,IoT devices,0.24,post_holiday_dip,17862.79,4287.07,0,0
2018-01-30,2,0,0,6,IoT devices,0.22,post_holiday_dip,17873.07,3932.08,0,0
2018-01-31,3,0,0,8,IoT devices,0.24,post_holiday_dip,19982.94,4795.91,0,0
2018-02-01,4,0,0,8,accessories,0.27,baseline,22912.21,6186.3,0,0
2018-02-02,5,0,0,7,accessories,0.27,baseline,21072.65,5689.62,0,0
2018-02-03,6,1,0,11,fiber packages,0.29,baseline,26136.38,7579.55,0,0
2018-02-04,0,1,0,15,smartphones,0.15,baseline,26179.21,3926.88,0,0
2018-02-05,1,0,0,5,IoT devices,0.25,baseline,19492.14,4873.03,0,0
2018-02-06,2,0,0,4,fiber packages,0.28,baseline,19662.78,5505.58,0,0
2018-02-07,3,0,0,6,fiber packages,0.3,baseline,22517.64,6755.29,0,0
2018-02-08,4,0,0,9,smartphones,0.17,baseline,22495.85,3824.29,0,0
2018-02-09,5,0,0,6,fiber packages,0.26,baseline,21179.52,5506.68,0,0
2018-02-10,6,1,0,13,smartphones,0.19,baseline,27260.35,5179.47,0,0
2018-02-11,0,1,0,15,fiber packages,0.3,baseline,25423.69,7627.11,0,0
2018-02-12,1,0,0,4,IoT devices,0.23,baseline,20110.06,4625.31,0,0
2018-02-13,2,0,0,5,fiber packages,0.3,baseline,20242.46,6072.74,0,0
2018-02-14,3,0,0,9,IoT devices,0.23,baseline,22500.5,5175.11,0,0
2018-02-15,4,0,0,9,IoT devices,0.22,baseline,22057.79,4852.71,0,0
2018-02-16,5,0,0,7,smartphones,0.15,baseline,22800.36,3420.05,0,0
2018-02-17,6,1,0,10,accessories,0.25,baseline,27102.25,6775.56,0,0
2018-02-18,0,1,0,14,IoT devices,0.21,baseline,26049.64,5470.42,0,0
2018-02-19,1,0,0,6,accessories,0.3,baseline,20666.16,6199.85,0,0
2018-02-20,2,0,0,5,accessories,0.26,baseline,19443.42,5055.29,0,0
2018-02-21,3,0,0,9,smartphones,0.18,baseline,22090.98,3976.38,0,0
2018-02-22,4,0,0,6,fiber packages,0.3,baseline,21815.76,6544.73,0,0
2018-02-23,5,0,0,9,smartphones,0.16,baseline,21610.73,3457.72,0,0
2018-02-24,6,1,0,12,accessories,0.26,baseline,26431.08,6872.08,0,0
2018-02-25,0,1,0,13,fiber packages,0.29,baseline,26097.9,7568.39,0,0
2018-02-26,1,0,0,6,accessories,0.29,baseline,18989.92,5507.08,0,0
2018-02-27,2,0,0,5,fiber packages,0.28,baseline,19699.07,5515.74,0,0
2018-02-28,3,0,0,6,accessories,0.27,baseline,21669.5,5850.77,0,0
2018-03-01,4,0,0,7,accessories,0.29,baseline,22594.82,6552.5,0,0
2018-03-02,5,0,0,6,fiber packages,0.26,baseline,22765.0,5918.9,0,0
2018-03-03,6,1,0,12,fiber packages,0.27,baseline,26409.7,7130.62,0,0
2018-03-04,0,1,0,13,accessories,0.28,baseline,26550.31,7434.09,0,0
2018-03-05,1,0,0,5,IoT devices,0.23,baseline,20769.67,4777.02,0,0
2018-03-06,2,0,0,4,smartphones,0.17,baseline,19826.44,3370.49,0,0
2018-03-07,3,0,0,6,accessories,0.25,baseline,22194.89,5548.72,0,0
2018-03-08,4,0,0,6,IoT devices,0.22,baseline,21611.29,4754.48,0,0
2018-03-09,5,0,0,7,smartphones,0.19,baseline,21305.25,4048.0,0,0
2018-03-10,6,1,0,10,IoT devices,0.24,baseline,27461.89,6590.85,0,0
2018-03-11,0,1,0,13,accessories,0.25,baseline,26794.7,6698.68,0,0
2018-03-12,1,0,0,6,IoT devices,0.25,baseline,19622.87,4905.72,0,0
2018-03-13,2,0,0,5,accessories,0.29,baseline,19374.71,5618.67,0,0
2018-03-14,3,0,0,8,accessories,0.27,baseline,22247.25,6006.76,0,0
2018-03-15,4,0,0,7,fiber packages,0.27,baseline,21125.98,5704.01,0,0
2018-03-16,5,0,0,8,IoT devices,0.21,baseline,22526.92,4730.65,0,0
2018-03-17,6,1,0,13,smartphones,0.19,baseline,25360.48,4818.49,0,0
2018-03-18,0,1,0,11,IoT devices,0.23,baseline,25791.36,5932.01,0,0
2018-03-19,1,0,0,4,IoT devices,0.21,baseline,19476.41,4090.05,0,0
2018-03-20,2,0,0,6,smartphones,0.19,baseline,19334.31,3673.52,0,0
2018-03-21,3,0,0,8,smartphones,0.16,baseline,21892.56,3502.81,0,0
2018-03-22,4,0,0,7,smartphones,0.17,baseline,23161.93,3937.53,0,0
2018-03-23,5,0,0,7,IoT devices,0.23,baseline,22099.71,5082.93,0,0
2018-03-24,6,1,0,15,smartphones,0.18,baseline,26634.71,4794.25,0,0
2018-03-25,0,1,0,12,IoT devices,0.21,baseline,25854.91,5429.53,0,0
2018-03-26,1,0,0,5,accessories,0.3,easter_week,22771.99,6831.6,1,0
2018-03-27,2,0,0,4,accessories,0.26,easter_week,23708.38,6164.18,1,0
2018-03-28,3,0,0,7,smartphones,0.17,easter_week,24715.67,4201.66,1,0
2018-03-29,4,0,0,9,smartphones,0.15,easter_week,24643.05,3696.46,1,0
2018-03-30,5,0,1,15,accessories,0.28,easter_week,25480.57,7134.56,1,0
2018-03-31,6,1,0,10,IoT devices,0.21,easter_week,29155.35,6122.62,1,0
2018-04-01,0,1,0,13,IoT devices,0.21,easter_week,31766.42,6670.95,1,0
2018-04-02,1,0,0,5,IoT devices,0.24,baseline,18911.25,4538.7,0,0
2018-04-03,2,0,0,5,IoT devices,0.24,baseline,19061.33,4574.72,0,0
2018-04-04,3,0,0,8,smartphones,0.16,baseline,22845.36,3655.26,0,0
2018-04-05,4,0,0,6,IoT devices,0.21,baseline,21905.89,4600.24,0,0
2018-04-06,5,0,0,8,fiber packages,0.28,baseline,22209.57,6218.68,0,0
2018-04-07,6,1,0,11,IoT devices,0.21,baseline,25382.81,5330.39,0,0
2018-04-08,0,1,0,13,IoT devices,0.22,baseline,26366.06,5800.53,0,0
2018-04-09,1,0,0,4,accessories,0.3,baseline,20103.69,6031.11,0,0
2018-04-10,2,0,0,5,accessories,0.28,baseline,20769.55,5815.47,0,0
2018-04-11,3,0,0,8,smartphones,0.17,baseline,21805.04,3706.86,0,0
2018-04-12,4,0,0,6,IoT devices,0.24,baseline,21257.46,5101.79,0,0
2018-04-13,5,0,0,6,smartphones,0.15,baseline,21547.3,3232.09,0,0
2018-04-14,6,1,0,13,IoT devices,0.22,baseline,26054.51,5731.99,0,0
2018-04-15,0,1,0,15,IoT devices,0.21,baseline,26705.83,5608.22,0,0
2018-04-16,1,0,0,6,IoT devices,0.25,baseline,20558.19,5139.55,0,0
2018-04-17,2,0,0,5,smartphones,0.2,baseline,19005.95,3801.19,0,0
2018-04-18,3,0,0,9,smartphones,0.19,baseline,21366.98,4059.73,0,0
2018-04-19,4,0,0,7,IoT devices,0.2,baseline,21861.62,4372.32,0,0
2018-04-20,5,0,0,8,fiber packages,0.28,baseline,22588.46,6324.77,0,0
2018-04-21,6,1,0,14,smartphones,0.18,baseline,25231.44,4541.66,0,0
2018-04-22,0,1,0,15,fiber packages,0.27,baseline,25469.11,6876.66,0,0
2018-04-23,1,0,0,5,accessories,0.28,baseline,19090.68,5345.39,0,0
2018-04-24,2,0,0,6,accessories,0.26,baseline,19688.59,5119.03,0,0
2018-04-25,3,0,1,14,IoT devices,0.22,baseline,23418.6,5152.09,0,0
2018-04-26,4,0,0,8,fiber packages,0.29,baseline,21763.37,6311.38,0,0
2018-04-27,5,0,0,7,fiber packages,0.29,baseline,22602.03,6554.59,0,0
2018-04-28,6,1,0,13,IoT devices,0.22,baseline,26942.43,5927.33,0,0
2018-04-29,0,1,0,11,accessories,0.3,baseline,25914.97,7774.49,0,0
2018-04-30,1,0,0,6,IoT devices,0.23,baseline,19038.03,4378.75,0,0
2018-05-01,2,0,1,14,smartphones,0.18,baseline,20967.44,3774.14,0,0
2018-05-02,3,0,0,9,IoT devices,0.21,baseline,22968.71,4823.43,0,0
2018-05-03,4,0,0,8,accessories,0.3,baseline,22847.44,6854.23,0,0
2018-05-04,5,0,0,8,smartphones,0.2,baseline,23087.78,4617.56,0,0
2018-05-05,6,1,0,15,fiber packages,0.29,baseline,25373.1,7358.2,0,0
2018-05-06,0,1,0,11,fiber packages,0.27,baseline,26297.81,7100.41,0,0
2018-05-07,1,0,0,4,smartphones,0.16,baseline,19353.85,3096.62,0,0
2018-05-08,2,0,0,6,accessories,0.27,baseline,19595.93,5290.9,0,0
2018-05-09,3,0,0,8,fiber packages,0.29,baseline,21889.49,6347.95,0,0
2018-05-10,4,0,0,6,IoT devices,0.24,baseline,21952.96,5268.71,0,0
2018-05-11,5,0,0,8,accessories,0.29,baseline,22730.38,6591.81,0,0
2018-05-12,6,1,0,14,fiber packages,0.27,baseline,25894.5,6991.52,0,0
2018-05-13,0,1,0,10,smartphones,0.18,baseline,26550.66,4779.12,0,0
2018-05-14,1,0,0,6,smartphones,0.2,baseline,20352.91,4070.58,0,0
2018-05-15,2,0,0,4,fiber packages,0.25,baseline,20882.42,5220.6,0,0
2018-05-16,3,0,0,8,fiber packages,0.27,baseline,21596.16,5830.96,0,0
2018-05-17,4,0,0,9,smartphones,0.16,baseline,21609.71,3457.55,0,0
2018-05-18,5,0,0,6,IoT devices,0.24,baseline,21133.26,5071.98,0,0
2018-05-19,6,1,0,13,IoT devices,0.24,baseline,27340.0,6561.6,0,0
2018-05-20,0,1,0,13,smartphones,0.18,baseline,26193.41,4714.81,0,0
2018-05-21,1,0,0,6,fiber packages,0.25,baseline,20530.0,5132.5,0,0
2018-05-22,2,0,0,5,IoT devices,0.24,baseline,20640.52,4953.72,0,0
2018-05-23,3,0,0,7,IoT devices,0.21,baseline,21369.55,4487.61,0,0
2018-05-24,4,0,0,7,IoT devices,0.21,baseline,20996.59,4409.28,0,0
2018-05-25,5,0,0,9,fiber packages,0.28,baseline,22722.5,6362.3,0,0
2018-05-26,6,1,0,10,fiber packages,0.3,baseline,25501.02,7650.31,0,0
2018-05-27,0,1,0,13,smartphones,0.18,baseline,25581.98,4604.76,0,0
2018-05-28,1,0,0,4,IoT devices,0.24,baseline,19311.4,4634.74,0,0
2018-05-29,2,0,0,5,IoT devices,0.23,baseline,20227.31,4652.28,0,0
2018-05-30,3,0,0,9,fiber packages,0.26,baseline,22715.7,5906.08,0,0
2018-05-31,4,0,1,11,fiber packages,0.26,baseline,22183.23,5767.64,0,0
2018-06-01,5,0,0,7,fiber packages,0.26,baseline,22409.13,5826.37,0,0
2018-06-02,6,1,0,14,accessories,0.27,baseline,26496.08,7153.94,0,0
2018-06-03,0,1,0,14,smartphones,0.16,baseline,25526.1,4084.18,0,0
2018-06-04,1,0,0,4,IoT devices,0.22,baseline,20482.19,4506.08,0,0
2018-06-05,2,0,0,5,IoT devices,0.24,baseline,19208.2,4609.97,0,0
2018-06-06,3,0,0,7,smartphones,0.19,baseline,21178.5,4023.91,0,0
2018-06-07,4,0,0,7,fiber packages,0.25,baseline,22776.26,5694.06,0,0
2018-06-08,5,0,0,9,IoT devices,0.22,baseline,22627.86,4978.13,0,0
2018-06-09,6,1,0,10,smartphones,0.18,baseline,25788.06,4641.85,0,0
2018-06-10,0,1,1,11,fiber packages,0.3,baseline,26478.94,7943.68,0,0
2018-06-11,1,0,0,4,smartphones,0.18,baseline,19521.93,3513.95,0,0
2018-06-12,2,0,0,6,IoT devices,0.25,baseline,20114.39,5028.6,0,0
2018-06-13,3,0,0,9,IoT devices,0.24,baseline,22574.39,5417.85,0,0
2018-06-14,4,0,0,6,IoT devices,0.21,baseline,22701.09,4767.23,0,0
2018-06-15,5,0,0,7,fiber packages,0.3,baseline,22630.9,6789.27,0,0
2018-06-16,6,1,0,10,accessories,0.3,baseline,26647.78,7994.33,0,0
2018-06-17,0,1,0,13,smartphones,0.2,baseline,27599.98,5520.0,0,0
2018-06-18,1,0,0,6,fiber packages,0.3,baseline,19192.88,5757.86,0,0
2018-06-19,2,0,0,4,smartphones,0.2,baseline,20089.05,4017.81,0,0
2018-06-20,3,0,0,6,smartphones,0.19,baseline,21271.26,4041.54,0,0
2018-06-21,4,0,0,7,accessories,0.26,baseline,21701.91,5642.5,0,0
2018-06-22,5,0,0,6,fiber packages,0.29,baseline,21311.23,6180.26,0,0
2018-06-23,6,1,0,12,fiber packages,0.25,baseline,26460.81,6615.2,0,0
2018-06-24,0,1,1,10,smartphones,0.19,baseline,27005.6,5131.06,0,0
2018-06-25,1,0,0,5,accessories,0.27,baseline,19592.12,5289.87,0,0
2018-06-26,2,0,0,6,accessories,0.26,baseline,19118.91,4970.92,0,0
2018-06-27,3,0,0,8,accessories,0.28,baseline,21599.77,6047.94,0,0
2018-06-28,4,0,0,9,IoT devices,0.2,baseline,21025.12,4205.02,0,0
2018-06-29,5,0,0,6,fiber packages,0.27,baseline,23177.53,6257.93,0,0
2018-06-30,6,1,0,10,fiber packages,0.29,baseline,27083.89,7854.33,0,0
2018-07-01,0,1,0,10,accessories,0.28,summer_dip,23529.69,6588.31,0,0
2018-07-02,1,0,0,6,IoT devices,0.22,summer_dip,17586.04,3868.93,0,0
2018-07-03,2,0,0,4,smartphones,0.18,summer_dip,19263.62,3467.45,0,0
2018-07-04,3,0,0,9,accessories,0.28,summer_dip,20909.72,5854.72,0,0
2018-07-05,4,0,0,9,IoT devices,0.2,summer_dip,20002.29,4000.46,0,0
2018-07-06,5,0,0,8,accessories,0.28,summer_dip,20259.04,5672.53,0,0
2018-07-07,6,1,0,12,IoT devices,0.23,summer_dip,23200.24,5336.06,0,0
2018-07-08,0,1,0,10,IoT devices,0.24,summer_dip,25642.16,6154.12,0,0
2018-07-09,1,0,0,5,smartphones,0.17,summer_dip,18734.04,3184.79,0,0
2018-07-10,2,0,0,5,accessories,0.29,summer_dip,19061.36,5527.79,0,0
2018-07-11,3,0,0,9,fiber packages,0.27,summer_dip,20761.56,5605.62,0,0
2018-07-12,4,0,0,7,smartphones,0.16,summer_dip,20995.73,3359.32,0,0
2018-07-13,5,0,0,6,fiber packages,0.29,summer_dip,19229.54,5576.57,0,0
2018-07-14,6,1,0,13,smartphones,0.17,summer_dip,24938.72,4239.58,0,0
2018-07-15,0,1,0,10,accessories,0.3,summer_dip,23572.45,7071.73,0,0
2018-07-16,1,0,0,6,smartphones,0.17,summer_dip,18408.81,3129.5,0,0
2018-07-17,2,0,0,5,fiber packages,0.27,summer_dip,18839.32,5086.62,0,0
2018-07-18,3,0,0,9,smartphones,0.17,summer_dip,20644.74,3509.61,0,0
2018-07-19,4,0,0,9,accessories,0.28,summer_dip,20308.98,5686.51,0,0
2018-07-20,5,0,0,6,IoT devices,0.24,summer_dip,19887.48,4773.0,0,0
2018-07-21,6,1,0,15,fiber packages,0.3,summer_dip,22994.38,6898.31,0,0
2018-07-22,0,1,0,14,IoT devices,0.23,summer_dip,23820.17,5478.64,0,0
2018-07-23,1,0,0,4,accessories,0.28,summer_dip,18742.69,5247.95,0,0
2018-07-24,2,0,0,6,fiber packages,0.25,summer_dip,18716.61,4679.15,0,0
2018-07-25,3,0,0,8,smartphones,0.18,summer_dip,21031.19,3785.61,0,0
2018-07-26,4,0,0,9,smartphones,0.15,summer_dip,20879.46,3131.92,0,0
2018-07-27,5,0,0,6,fiber packages,0.29,summer_dip,19474.03,5647.47,0,0
2018-07-28,6,1,0,11,smartphones,0.19,summer_dip,26372.67,5010.81,0,0
2018-07-29,0,1,0,10,accessories,0.27,summer_dip,25601.33,6912.36,0,0
2018-07-30,1,0,0,5,accessories,0.28,summer_dip,18544.8,5192.54,0,0
2018-07-31,2,0,0,5,smartphones,0.16,summer_dip,19106.71,3057.07,0,0
2018-08-01,3,0,0,6,accessories,0.3,summer_dip,16870.68,5061.2,0,0
2018-08-02,4,0,0,6,accessories,0.29,summer_dip,18280.53,5301.35,0,0
2018-08-03,5,0,0,9,IoT devices,0.2,summer_dip,17489.69,3497.94,0,0
2018-08-04,6,1,0,12,fiber packages,0.28,summer_dip,21420.27,5997.68,0,0
2018-08-05,0,1,0,12,IoT devices,0.24,summer_dip,21539.08,5169.38,0,0
2018-08-06,1,0,0,4,smartphones,0.15,summer_dip,16187.69,2428.15,0,0
2018-08-07,2,0,0,4,accessories,0.25,summer_dip,15135.42,3783.86,0,0
2018-08-08,3,0,0,8,accessories,0.29,summer_dip,16877.53,4894.48,0,0
2018-08-09,4,0,0,9,accessories,0.26,summer_dip,18333.62,4766.74,0,0
2018-08-10,5,0,0,7,fiber packages,0.27,summer_dip,17145.65,4629.33,0,0
2018-08-11,6,1,0,12,smartphones,0.2,summer_dip,21183.04,4236.61,0,0
2018-08-12,0,1,0,14,smartphones,0.18,summer_dip,20379.63,3668.33,0,0
2018-08-13,1,0,0,5,accessories,0.27,summer_dip,15336.29,4140.8,0,0
2018-08-14,2,0,0,4,fiber packages,0.27,summer_dip,15744.85,4251.11,0,0
2018-08-15,3,0,1,11,fiber packages,0.27,summer_dip,18916.52,5107.46,0,0
2018-08-16,4,0,0,8,smartphones,0.15,summer_dip,17383.39,2607.51,0,0
2018-08-17,5,0,0,8,smartphones,0.15,summer_dip,17608.28,2641.24,0,0
2018-08-18,6,1,0,14,fiber packages,0.26,summer_dip,20759.24,5397.4,0,0
2018-08-19,0,1,0,14,accessories,0.29,summer_dip,21446.32,6219.43,0,0
2018-08-20,1,0,0,4,IoT devices,0.24,summer_dip,15754.97,3781.19,0,0
2018-08-21,2,0,0,5,smartphones,0.19,summer_dip,16311.95,3099.27,0,0
2018-08-22,3,0,0,9,IoT devices,0.23,summer_dip,18344.95,4219.34,0,0
2018-08-23,4,0,0,6,smartphones,0.19,summer_dip,18519.0,3518.61,0,0
2018-08-24,5,0,0,6,accessories,0.28,summer_dip,17798.3,4983.52,0,0
2018-08-25,6,1,0,10,IoT devices,0.21,summer_dip,20228.63,4248.01,0,0
2018-08-26,0,1,0,14,accessories,0.3,summer_dip,21778.26,6533.48,0,0
2018-08-27,1,0,0,5,accessories,0.28,summer_dip,16479.75,4614.33,0,0
2018-08-28,2,0,0,4,accessories,0.27,summer_dip,15541.97,4196.33,0,0
2018-08-29,3,0,0,6,IoT devices,0.24,summer_dip,17279.92,4147.18,0,0
2018-08-30,4,0,0,8,smartphones,0.18,summer_dip,17517.93,3153.23,0,0
2018-08-31,5,0,0,7,IoT devices,0.24,summer_dip,17103.97,4104.95,0,0
2018-09-01,6,1,0,15,smartphones,0.17,summer_recovery,25567.78,4346.52,0,0
2018-09-02,0,1,0,11,accessories,0.29,summer_recovery,25239.77,7319.53,0,0
2018-09-03,1,0,0,6,IoT devices,0.23,summer_recovery,17354.74,3991.59,0,0
2018-09-04,2,0,0,5,fiber packages,0.29,summer_recovery,19714.04,5717.07,0,0
2018-09-05,3,0,0,8,accessories,0.25,summer_recovery,21138.95,5284.74,0,0
2018-09-06,4,0,0,8,accessories,0.29,summer_recovery,19833.24,5751.64,0,0
2018-09-07,5,0,0,6,accessories,0.27,summer_recovery,21227.35,5731.38,0,0
2018-09-08,6,1,0,13,IoT devices,0.22,summer_recovery,24512.46,5392.74,0,0
2018-09-09,0,1,0,13,smartphones,0.16,summer_recovery,23874.88,3819.98,0,0
2018-09-10,1,0,0,4,IoT devices,0.24,summer_recovery,17771.09,4265.06,0,0
2018-09-11,2,0,0,6,IoT devices,0.21,summer_recovery,18974.45,3984.63,0,0
2018-09-12,3,0,0,6,fiber packages,0.28,summer_recovery,20181.5,5650.82,0,0
2018-09-13,4,0,0,7,smartphones,0.19,summer_recovery,19945.12,3789.57,0,0
2018-09-14,5,0,0,9,accessories,0.26,summer_recovery,21110.7,5488.78,0,0
2018-09-15,6,1,0,15,accessories,0.26,summer_recovery,23881.16,6209.1,0,0
2018-09-16,0,1,0,15,IoT devices,0.24,summer_recovery,23580.11,5659.23,0,0
2018-09-17,1,0,0,6,smartphones,0.16,summer_recovery,17332.72,2773.24,0,0
2018-09-18,2,0,0,5,fiber packages,0.25,summer_recovery,18599.18,4649.8,0,0
2018-09-19,3,0,0,9,accessories,0.26,summer_recovery,21493.38,5588.28,0,0
2018-09-20,4,0,0,6,fiber packages,0.3,summer_recovery,19760.09,5928.03,0,0
2018-09-21,5,0,0,8,IoT devices,0.21,summer_recovery,21399.63,4493.92,0,0
2018-09-22,6,1,0,11,fiber packages,0.29,summer_recovery,25363.96,7355.55,0,0
2018-09-23,0,1,0,15,IoT devices,0.21,summer_recovery,23930.81,5025.47,0,0
2018-09-24,1,0,0,5,smartphones,0.17,summer_recovery,19186.11,3261.64,0,0
2018-09-25,2,0,0,5,IoT devices,0.24,summer_recovery,18436.58,4424.78,0,0
2018-09-26,3,0,0,6,IoT devices,0.24,summer_recovery,21537.05,5168.89,0,0
2018-09-27,4,0,0,9,smartphones,0.17,summer_recovery,21548.5,3663.25,0,0
2018-09-28,5,0,0,9,accessories,0.27,summer_recovery,21111.6,5700.13,0,0
2018-09-29,6,1,0,14,fiber packages,0.26,summer_recovery,25476.02,6623.77,0,0
2018-09-30,0,1,0,11,IoT devices,0.22,summer_recovery,24227.74,5330.1,0,0
2018-10-01,1,0,0,5,fiber packages,0.29,baseline,19842.16,5754.23,0,0
2018-10-02,2,0,0,5,fiber packages,0.29,baseline,19500.75,5655.22,0,0
2018-10-03,3,0,0,7,accessories,0.27,baseline,21542.6,5816.5,0,0
2018-10-04,4,0,0,6,IoT devices,0.21,baseline,21341.75,4481.77,0,0
2018-10-05,5,0,1,14,smartphones,0.18,baseline,24066.36,4331.94,0,0
2018-10-06,6,1,0,13,IoT devices,0.22,baseline,26199.46,5763.88,0,0
2018-10-07,0,1,0,10,IoT devices,0.21,baseline,25889.61,5436.82,0,0
2018-10-08,1,0,0,4,accessories,0.26,baseline,20879.78,5428.74,0,0
2018-10-09,2,0,0,6,smartphones,0.16,baseline,19728.08,3156.49,0,0
2018-10-10,3,0,0,7,smartphones,0.16,baseline,21870.66,3499.31,0,0
2018-10-11,4,0,0,8,IoT devices,0.22,baseline,21534.75,4737.65,0,0
2018-10-12,5,0,0,7,accessories,0.27,baseline,22365.41,6038.66,0,0
2018-10-13,6,1,0,12,fiber packages,0.29,baseline,27408.75,7948.54,0,0
2018-10-14,0,1,0,10,smartphones,0.16,baseline,26644.54,4263.13,0,0
2018-10-15,1,0,0,5,smartphones,0.17,baseline,20033.76,3405.74,0,0
2018-10-16,2,0,0,6,IoT devices,0.23,baseline,19049.68,4381.43,0,0
2018-10-17,3,0,0,7,accessories,0.29,baseline,21492.54,6232.84,0,0
2018-10-18,4,0,0,6,smartphones,0.2,baseline,23172.76,4634.55,0,0
2018-10-19,5,0,0,7,IoT devices,0.21,baseline,23065.94,4843.85,0,0
2018-10-20,6,1,0,14,accessories,0.29,baseline,27227.96,7896.11,0,0
2018-10-21,0,1,0,14,fiber packages,0.27,baseline,27075.73,7310.45,0,0
2018-10-22,1,0,0,5,smartphones,0.16,baseline,20136.96,3221.91,0,0
2018-10-23,2,0,0,6,accessories,0.27,baseline,19440.29,5248.88,0,0
2018-10-24,3,0,0,7,fiber packages,0.29,baseline,22327.8,6475.06,0,0
2018-10-25,4,0,0,7,IoT devices,0.2,baseline,23151.76,4630.35,0,0
2018-10-26,5,0,0,7,IoT devices,0.2,baseline,21721.14,4344.23,0,0
2018-10-27,6,1,0,12,fiber packages,0.27,baseline,27205.7,7345.54,0,0
2018-10-28,0,1,0,11,smartphones,0.2,baseline,26529.65,5305.93,0,0
2018-10-29,1,0,0,6,smartphones,0.16,baseline,20804.76,3328.76,0,0
2018-10-30,2,0,0,4,fiber packages,0.3,baseline,20301.37,6090.41,0,0
2018-10-31,3,0,0,9,fiber packages,0.29,baseline,21989.66,6377.0,0,0
2018-11-01,4,0,1,14,accessories,0.28,baseline,23776.56,6657.44,0,0
2018-11-02,5,0,0,6,IoT devices,0.24,baseline,21349.34,5123.84,0,0
2018-11-03,6,1,0,11,fiber packages,0.26,baseline,27449.99,7137.0,0,0
2018-11-04,0,1,0,11,accessories,0.25,baseline,26852.75,6713.19,0,0
2018-11-05,1,0,0,5,fiber packages,0.28,baseline,20851.89,5838.53,0,0
2018-11-06,2,0,0,5,accessories,0.26,baseline,18987.6,4936.78,0,0
2018-11-07,3,0,0,9,IoT devices,0.21,baseline,22580.07,4741.81,0,0
2018-11-08,4,0,0,7,IoT devices,0.23,baseline,22052.68,5072.12,0,0
2018-11-09,5,0,0,7,smartphones,0.17,baseline,22764.57,3869.98,0,0
2018-11-10,6,1,0,12,fiber packages,0.28,baseline,26390.72,7389.4,0,0
2018-11-11,0,1,0,15,accessories,0.29,baseline,27063.95,7848.55,0,0
2018-11-12,1,0,0,4,IoT devices,0.21,baseline,20676.09,4341.98,0,0
2018-11-13,2,0,0,4,IoT devices,0.2,baseline,20622.75,4124.55,0,0
2018-11-14,3,0,0,6,fiber packages,0.26,baseline,21086.07,5482.38,0,0
2018-11-15,4,0,0,6,accessories,0.29,baseline,22501.41,6525.41,0,0
2018-11-16,5,0,0,6,IoT devices,0.23,baseline,23067.67,5305.56,0,0
2018-11-17,6,1,0,12,smartphones,0.18,baseline,27568.88,4962.4,0,0
2018-11-18,0,1,0,12,accessories,0.28,baseline,25951.98,7266.55,0,0
2018-11-19,1,0,0,5,smartphones,0.16,baseline,20732.37,3317.18,0,0
2018-11-20,2,0,0,6,accessories,0.26,baseline,20067.98,5217.67,0,0
2018-11-21,3,0,0,9,smartphones,0.17,baseline,21303.87,3621.66,0,0
2018-11-22,4,0,0,6,smartphones,0.18,baseline,21623.62,3892.25,0,0
2018-11-23,5,0,0,6,fiber packages,0.28,baseline,22132.0,6196.96,0,0
2018-11-24,6,1,0,11,smartphones,0.19,baseline,25473.81,4840.02,0,0
2018-11-25,0,1,0,12,IoT devices,0.2,black_friday,31347.18,6269.44,0,0
2018-11-26,1,0,0,5,IoT devices,0.22,baseline,19205.76,4225.27,0,0
2018-11-27,2,0,0,5,smartphones,0.16,baseline,19127.27,3060.36,0,0
2018-11-28,3,0,0,7,accessories,0.26,baseline,22139.2,5756.19,0,0
2018-11-29,4,0,0,9,IoT devices,0.23,baseline,22851.22,5255.78,0,0
2018-11-30,5,0,0,6,IoT devices,0.23,baseline,21589.01,4965.47,0,0
2018-12-01,6,1,1,11,accessories,0.26,baseline,25651.94,6669.5,0,0
2018-12-02,0,1,0,10,fiber packages,0.29,baseline,26904.14,7802.2,0,0
2018-12-03,1,0,0,6,IoT devices,0.21,baseline,20392.76,4282.48,0,0
2018-12-04,2,0,0,6,IoT devices,0.22,baseline,20527.45,4516.04,0,0
2018-12-05,3,0,0,7,smartphones,0.19,baseline,22992.19,4368.52,0,0
2018-12-06,4,0,0,6,smartphones,0.16,baseline,23076.98,3692.32,0,0
2018-12-07,5,0,0,6,smartphones,0.16,baseline,21882.32,3501.17,0,0
2018-12-08,6,1,1,13,fiber packages,0.26,baseline,25993.56,6758.33,0,0
2018-12-09,0,1,0,12,accessories,0.27,baseline,27139.47,7327.66,0,0
2018-12-10,1,0,0,6,fiber packages,0.3,baseline,20450.87,6135.26,0,0
2018-12-11,2,0,0,4,IoT devices,0.23,baseline,20144.15,4633.15,0,0
2018-12-12,3,0,0,7,IoT devices,0.2,baseline,21448.23,4289.65,0,0
2018-12-13,4,0,0,7,IoT devices,0.21,baseline,21887.42,4596.36,0,0
2018-12-14,5,0,0,6,fiber packages,0.28,baseline,22326.25,6251.35,0,0
2018-12-15,6,1,0,10,fiber packages,0.26,christmas_peak,39568.63,10287.84,0,1
2018-12-16,0,1,0,14,IoT devices,0.23,christmas_peak,42844.21,9854.17,0,1
2018-12-17,1,0,0,6,IoT devices,0.21,christmas_peak,31273.64,6567.46,0,1
2018-12-18,2,0,0,5,fiber packages,0.3,christmas_peak,32181.92,9654.58,0,1
2018-12-19,3,0,0,6,accessories,0.26,christmas_peak,33330.12,8665.83,0,1
2018-12-20,4,0,0,8,fiber packages,0.28,christmas_peak,33333.51,9333.38,0,1
2018-12-21,5,0,0,6,accessories,0.27,christmas_peak,35663.97,9629.27,0,1
2018-12-22,6,1,0,12,fiber packages,0.26,christmas_peak,42437.02,11033.63,0,1
2018-12-23,0,1,0,11,fiber packages,0.28,christmas_peak,37983.09,10635.27,0,1
2018-12-24,1,0,0,6,IoT devices,0.21,christmas_peak,31081.04,6527.02,0,1
2018-12-25,2,0,1,0,IoT devices,0.0,store_closed,0.0,0.0,0,0
2018-12-26,3,0,0,8,accessories,0.3,baseline,21224.67,6367.4,0,0
2018-12-27,4,0,0,8,fiber packages,0.3,baseline,22993.21,6897.96,0,0
2018-12-28,5,0,0,7,IoT devices,0.22,baseline,22085.14,4858.73,0,0
2018-12-29,6,1,0,14,fiber packages,0.29,baseline,26618.2,7719.28,0,0
2018-12-30,0,1,0,10,fiber packages,0.28,baseline,27014.56,7564.08,0,0
2018-12-31,1,0,0,4,accessories,0.28,baseline,19305.92,5405.66,0,0
2019-01-01,2,0,1,0,accessories,0.0,store_closed,0.0,0.0,0,0
2019-01-02,3,0,0,6,accessories,0.25,post_holiday_dip,20620.7,5155.18,0,0
2019-01-03,4,0,0,7,smartphones,0.17,post_holiday_dip,19959.79,3393.16,0,0
2019-01-04,5,0,0,7,fiber packages,0.27,post_holiday_dip,20235.5,5463.59,0,0
2019-01-05,6,1,0,11,smartphones,0.17,post_holiday_dip,25754.46,4378.26,0,0
2019-01-06,0,1,0,10,accessories,0.27,post_holiday_dip,24185.93,6530.2,0,0
2019-01-07,1,0,0,5,smartphones,0.18,post_holiday_dip,17635.57,3174.4,0,0
2019-01-08,2,0,0,4,fiber packages,0.27,post_holiday_dip,18399.79,4967.94,0,0
2019-01-09,3,0,0,6,fiber packages,0.29,post_holiday_dip,20413.22,5919.83,0,0
2019-01-10,4,0,0,7,fiber packages,0.27,post_holiday_dip,20516.33,5539.41,0,0
2019-01-11,5,0,0,8,smartphones,0.2,post_holiday_dip,20509.14,4101.83,0,0
2019-01-12,6,1,0,14,IoT devices,0.22,post_holiday_dip,25094.93,5520.88,0,0
2019-01-13,0,1,0,11,smartphones,0.2,post_holiday_dip,24633.82,4926.76,0,0
2019-01-14,1,0,0,5,accessories,0.27,post_holiday_dip,17616.39,4756.43,0,0
2019-01-15,2,0,0,6,fiber packages,0.26,post_holiday_dip,18404.32,4785.12,0,0
2019-01-16,3,0,0,6,accessories,0.28,post_holiday_dip,21542.67,6031.95,0,0
2019-01-17,4,0,0,7,smartphones,0.19,post_holiday_dip,19666.56,3736.65,0,0
2019-01-18,5,0,0,8,accessories,0.3,post_holiday_dip,20095.53,6028.66,0,0
2019-01-19,6,1,0,13,fiber packages,0.3,post_holiday_dip,24728.91,7418.67,0,0
2019-01-20,0,1,0,10,IoT devices,0.22,post_holiday_dip,23517.23,5173.79,0,0
2019-01-21,1,0,0,4,fiber packages,0.29,post_holiday_dip,17961.27,5208.77,0,0
2019-01-22,2,0,0,6,accessories,0.25,post_holiday_dip,18740.67,4685.17,0,0
2019-01-23,3,0,0,9,fiber packages,0.26,post_holiday_dip,20721.64,5387.63,0,0
2019-01-24,4,0,0,7,IoT devices,0.24,post_holiday_dip,19937.34,4784.96,0,0
2019-01-25,5,0,0,7,IoT devices,0.22,post_holiday_dip,21466.22,4722.57,0,0
2019-01-26,6,1,0,11,smartphones,0.19,post_holiday_dip,23895.33,4540.11,0,0
2019-01-27,0,1,0,13,smartphones,0.17,post_holiday_dip,23558.8,4005.0,0,0
2019-01-28,1,0,0,4,IoT devices,0.21,post_holiday_dip,17619.95,3700.19,0,0
2019-01-29,2,0,0,4,IoT devices,0.24,post_holiday_dip,17818.13,4276.35,0,0
2019-01-30,3,0,0,7,accessories,0.28,post_holiday_dip,20559.98,5756.79,0,0
2019-01-31,4,0,0,8,fiber packages,0.28,post_holiday_dip,20100.85,5628.24,0,0
2019-02-01,5,0,0,8,accessories,0.3,baseline,22654.19,6796.26,0,0
2019-02-02,6,1,0,12,accessories,0.29,baseline,28212.72,8181.69,0,0
2019-02-03,0,1,0,15,fiber packages,0.3,baseline,28268.26,8480.48,0,0
2019-02-04,1,0,0,5,IoT devices,0.24,baseline,19696.03,4727.05,0,0
2019-02-05,2,0,0,6,fiber packages,0.27,baseline,21442.8,5789.56,0,0
2019-02-06,3,0,0,7,accessories,0.29,baseline,22763.74,6601.48,0,0
2019-02-07,4,0,0,9,smartphones,0.16,baseline,23499.7,3759.95,0,0
2019-02-08,5,0,0,8,fiber packages,0.27,baseline,22203.38,5994.91,0,0
2019-02-09,6,1,0,11,IoT devices,0.23,baseline,26898.44,6186.64,0,0
2019-02-10,0,1,0,13,accessories,0.28,baseline,26567.24,7438.83,0,0
2019-02-11,1,0,0,5,IoT devices,0.24,baseline,20158.8,4838.11,0,0
2019-02-12,2,0,0,6,smartphones,0.17,baseline,20516.52,3487.81,0,0
2019-02-13,3,0,0,7,fiber packages,0.3,baseline,22511.83,6753.55,0,0
2019-02-14,4,0,0,6,fiber packages,0.27,baseline,22532.85,6083.87,0,0
2019-02-15,5,0,0,8,IoT devices,0.21,baseline,22518.07,4728.79,0,0
2019-02-16,6,1,0,11,fiber packages,0.28,baseline,27060.69,7576.99,0,0
2019-02-17,0,1,0,14,smartphones,0.16,baseline,28031.6,4485.06,0,0
2019-02-18,1,0,0,4,smartphones,0.15,baseline,20294.12,3044.12,0,0
2019-02-19,2,0,0,4,IoT devices,0.21,baseline,20045.49,4209.55,0,0
2019-02-20,3,0,0,6,IoT devices,0.23,baseline,22627.29,5204.28,0,0
2019-02-21,4,0,0,6,IoT devices,0.22,baseline,22182.47,4880.14,0,0
2019-02-22,5,0,0,7,accessories,0.27,baseline,22831.26,6164.44,0,0
2019-02-23,6,1,0,14,IoT devices,0.21,baseline,28422.77,5968.78,0,0
2019-02-24,0,1,0,10,accessories,0.28,baseline,26999.71,7559.92,0,0
2019-02-25,1,0,0,6,fiber packages,0.3,baseline,19811.95,5943.59,0,0
2019-02-26,2,0,0,6,fiber packages,0.25,baseline,21044.93,5261.23,0,0
2019-02-27,3,0,0,6,smartphones,0.18,baseline,21720.3,3909.65,0,0
2019-02-28,4,0,0,8,fiber packages,0.26,baseline,22793.3,5926.26,0,0
2019-03-01,5,0,0,8,smartphones,0.15,baseline,21946.77,3292.02,0,0
2019-03-02,6,1,0,13,fiber packages,0.27,baseline,26804.95,7237.34,0,0
2019-03-03,0,1,0,11,fiber packages,0.27,baseline,28638.34,7732.35,0,0
2019-03-04,1,0,0,5,accessories,0.28,baseline,19853.36,5558.94,0,0
2019-03-05,2,0,0,6,accessories,0.25,baseline,20374.84,5093.71,0,0
2019-03-06,3,0,0,7,smartphones,0.15,baseline,22161.29,3324.19,0,0
2019-03-07,4,0,0,9,fiber packages,0.29,baseline,21679.46,6287.04,0,0
2019-03-08,5,0,0,8,IoT devices,0.21,baseline,22745.64,4776.58,0,0
2019-03-09,6,1,0,14,fiber packages,0.27,baseline,26421.22,7133.73,0,0
2019-03-10,0,1,0,13,accessories,0.26,baseline,26266.26,6829.23,0,0
2019-03-11,1,0,0,5,smartphones,0.18,baseline,19741.0,3553.38,0,0
2019-03-12,2,0,0,5,IoT devices,0.23,baseline,21378.4,4917.03,0,0
2019-03-13,3,0,0,7,accessories,0.28,baseline,23334.1,6533.55,0,0
2019-03-14,4,0,0,6,smartphones,0.19,baseline,22513.52,4277.57,0,0
2019-03-15,5,0,0,8,IoT devices,0.23,baseline,23055.9,5302.86,0,0
2019-03-16,6,1,0,14,smartphones,0.17,baseline,28682.87,4876.09,0,0
2019-03-17,0,1,0,13,IoT devices,0.22,baseline,28610.67,6294.35,0,0
2019-03-18,1,0,0,5,smartphones,0.17,baseline,21112.14,3589.06,0,0
2019-03-19,2,0,0,5,smartphones,0.17,baseline,21293.12,3619.83,0,0
2019-03-20,3,0,0,6,accessories,0.29,baseline,23578.6,6837.79,0,0
2019-03-21,4,0,0,7,smartphones,0.19,baseline,21752.04,4132.89,0,0
2019-03-22,5,0,0,7,IoT devices,0.23,baseline,21770.67,5007.25,0,0
2019-03-23,6,1,0,11,fiber packages,0.29,baseline,27166.86,7878.39,0,0
2019-03-24,0,1,0,12,accessories,0.26,baseline,28630.22,7443.86,0,0
2019-03-25,1,0,0,5,fiber packages,0.28,baseline,19585.47,5483.93,0,0
2019-03-26,2,0,0,5,fiber packages,0.26,baseline,19833.99,5156.84,0,0
2019-03-27,3,0,0,7,smartphones,0.15,baseline,22104.31,3315.65,0,0
2019-03-28,4,0,0,8,accessories,0.25,baseline,23830.28,5957.57,0,0
2019-03-29,5,0,0,9,smartphones,0.15,baseline,23636.34,3545.45,0,0
2019-03-30,6,1,0,14,accessories,0.25,baseline,26708.25,6677.06,0,0
2019-03-31,0,1,0,11,IoT devices,0.21,baseline,28091.3,5899.17,0,0
2019-04-01,1,0,0,6,fiber packages,0.26,baseline,20975.49,5453.63,0,0
2019-04-02,2,0,0,6,IoT devices,0.24,baseline,20435.63,4904.55,0,0
2019-04-03,3,0,0,9,accessories,0.3,baseline,23530.27,7059.08,0,0
2019-04-04,4,0,0,7,IoT devices,0.24,baseline,22550.1,5412.02,0,0
2019-04-05,5,0,0,9,IoT devices,0.21,baseline,21951.71,4609.86,0,0
2019-04-06,6,1,0,10,accessories,0.3,baseline,26344.65,7903.4,0,0
2019-04-07,0,1,0,12,fiber packages,0.29,baseline,28239.74,8189.52,0,0
2019-04-08,1,0,0,4,smartphones,0.16,baseline,20272.02,3243.52,0,0
2019-04-09,2,0,0,5,smartphones,0.2,baseline,20315.88,4063.18,0,0
2019-04-10,3,0,0,8,fiber packages,0.3,baseline,22308.62,6692.59,0,0
2019-04-11,4,0,0,9,smartphones,0.2,baseline,23460.89,4692.18,0,0
2019-04-12,5,0,0,9,smartphones,0.2,baseline,22861.32,4572.26,0,0
2019-04-13,6,1,0,12,accessories,0.26,baseline,27607.05,7177.83,0,0
2019-04-14,0,1,0,13,accessories,0.29,baseline,26602.71,7714.79,0,0
2019-04-15,1,0,0,6,fiber packages,0.3,easter_week,24554.21,7366.26,1,0
2019-04-16,2,0,0,6,fiber packages,0.28,easter_week,22424.59,6278.89,1,0
2019-04-17,3,0,0,9,fiber packages,0.27,easter_week,26534.91,7164.43,1,0
2019-04-18,4,0,0,7,fiber packages,0.29,easter_week,26764.35,7761.66,1,0
2019-04-19,5,0,1,11,accessories,0.28,easter_week,26343.61,7376.21,1,0
2019-04-20,6,1,0,11,fiber packages,0.29,easter_week,32504.17,9426.21,1,0
2019-04-21,0,1,0,10,accessories,0.29,easter_week,30925.96,8968.53,1,0
2019-04-22,1,0,0,5,IoT devices,0.2,baseline,20265.49,4053.1,0,0
2019-04-23,2,0,0,5,IoT devices,0.22,baseline,19831.28,4362.88,0,0
2019-04-24,3,0,0,8,IoT devices,0.24,baseline,23878.04,5730.73,0,0
2019-04-25,4,0,1,13,smartphones,0.19,baseline,24954.02,4741.26,0,0
2019-04-26,5,0,0,6,smartphones,0.18,baseline,23445.91,4220.26,0,0
2019-04-27,6,1,0,15,IoT devices,0.2,baseline,26216.77,5243.35,0,0
2019-04-28,0,1,0,15,IoT devices,0.22,baseline,26342.72,5795.4,0,0
2019-04-29,1,0,0,5,smartphones,0.15,baseline,19718.59,2957.79,0,0
2019-04-30,2,0,0,6,smartphones,0.15,baseline,21442.31,3216.35,0,0
2019-05-01,3,0,1,13,fiber packages,0.3,baseline,23407.63,7022.29,0,0
2019-05-02,4,0,0,9,fiber packages,0.26,baseline,23428.47,6091.4,0,0
2019-05-03,5,0,0,7,accessories,0.28,baseline,23504.44,6581.24,0,0
2019-05-04,6,1,0,12,smartphones,0.17,baseline,27002.44,4590.41,0,0
2019-05-05,0,1,0,10,fiber packages,0.26,baseline,26616.91,6920.4,0,0
2019-05-06,1,0,0,6,smartphones,0.16,baseline,19951.96,3192.31,0,0
2019-05-07,2,0,0,5,smartphones,0.18,baseline,20954.68,3771.84,0,0
2019-05-08,3,0,0,9,IoT devices,0.21,baseline,22499.23,4724.84,0,0
2019-05-09,4,0,0,9,accessories,0.26,baseline,22737.23,5911.68,0,0
2019-05-10,5,0,0,9,fiber packages,0.28,baseline,23493.26,6578.11,0,0
2019-05-11,6,1,0,15,fiber packages,0.29,baseline,26469.08,7676.03,0,0
2019-05-12,0,1,0,10,fiber packages,0.26,baseline,26027.77,6767.22,0,0
2019-05-13,1,0,0,6,smartphones,0.18,baseline,21342.25,3841.61,0,0
2019-05-14,2,0,0,6,fiber packages,0.28,baseline,20927.72,5859.76,0,0
2019-05-15,3,0,0,8,smartphones,0.18,baseline,23919.14,4305.45,0,0
2019-05-16,4,0,0,6,IoT devices,0.25,baseline,23769.89,5942.47,0,0
2019-05-17,5,0,0,9,fiber packages,0.27,baseline,23674.6,6392.14,0,0
2019-05-18,6,1,0,10,smartphones,0.18,baseline,27831.29,5009.63,0,0
2019-05-19,0,1,0,13,smartphones,0.18,baseline,26935.47,4848.38,0,0
2019-05-20,1,0,0,4,accessories,0.3,baseline,19839.69,5951.91,0,0
2019-05-21,2,0,0,5,fiber packages,0.26,baseline,20023.37,5206.08,0,0
2019-05-22,3,0,0,9,IoT devices,0.22,baseline,22742.21,5003.29,0,0
2019-05-23,4,0,0,6,fiber packages,0.28,baseline,23509.68,6582.71,0,0
2019-05-24,5,0,0,6,accessories,0.29,baseline,23330.24,6765.77,0,0
2019-05-25,6,1,0,14,smartphones,0.18,baseline,26330.93,4739.57,0,0
2019-05-26,0,1,0,12,fiber packages,0.29,baseline,27372.94,7938.15,0,0
2019-05-27,1,0,0,4,IoT devices,0.22,baseline,21078.91,4637.36,0,0
2019-05-28,2,0,0,4,fiber packages,0.3,baseline,21211.33,6363.4,0,0
2019-05-29,3,0,0,8,IoT devices,0.23,baseline,22984.46,5286.43,0,0
2019-05-30,4,0,0,9,IoT devices,0.22,baseline,22629.31,4978.45,0,0
2019-05-31,5,0,0,8,accessories,0.27,baseline,22880.7,6177.79,0,0
2019-06-01,6,1,0,10,fiber packages,0.25,baseline,27879.41,6969.85,0,0
2019-06-02,0,1,0,10,fiber packages,0.28,baseline,28541.98,7991.75,0,0
2019-06-03,1,0,0,4,accessories,0.27,baseline,20625.03,5568.76,0,0
2019-06-04,2,0,0,6,accessories,0.27,baseline,21307.68,5753.07,0,0
2019-06-05,3,0,0,6,smartphones,0.16,baseline,22385.05,3581.61,0,0
2019-06-06,4,0,0,7,IoT devices,0.25,baseline,22453.45,5613.36,0,0
2019-06-07,5,0,0,9,accessories,0.29,baseline,23531.96,6824.27,0,0
2019-06-08,6,1,0,14,accessories,0.25,baseline,27281.39,6820.35,0,0
2019-06-09,0,1,0,11,accessories,0.3,baseline,26100.24,7830.07,0,0
2019-06-10,1,0,1,14,accessories,0.26,baseline,22135.88,5755.33,0,0
2019-06-11,2,0,0,5,smartphones,0.18,baseline,20803.47,3744.62,0,0
2019-06-12,3,0,0,8,accessories,0.28,baseline,23097.69,6467.35,0,0
2019-06-13,4,0,0,6,IoT devices,0.2,baseline,22896.43,4579.29,0,0
2019-06-14,5,0,0,9,accessories,0.29,baseline,23509.29,6817.69,0,0
2019-06-15,6,1,0,11,IoT devices,0.22,baseline,27314.67,6009.23,0,0
2019-06-16,0,1,0,10,smartphones,0.17,baseline,27206.74,4625.15,0,0
2019-06-17,1,0,0,6,smartphones,0.19,baseline,21460.36,4077.47,0,0
2019-06-18,2,0,0,4,accessories,0.25,baseline,21170.67,5292.67,0,0
2019-06-19,3,0,0,9,fiber packages,0.28,baseline,23513.38,6583.75,0,0
2019-06-20,4,0,1,12,fiber packages,0.3,baseline,24915.9,7474.77,0,0
2019-06-21,5,0,0,9,IoT devices,0.23,baseline,23813.82,5477.18,0,0
2019-06-22,6,1,0,14,fiber packages,0.27,baseline,26753.16,7223.35,0,0
2019-06-23,0,1,0,14,accessories,0.3,baseline,26765.26,8029.58,0,0
2019-06-24,1,0,1,12,smartphones,0.17,baseline,22228.42,3778.83,0,0
2019-06-25,2,0,0,5,smartphones,0.18,baseline,20123.33,3622.2,0,0
2019-06-26,3,0,0,7,smartphones,0.17,baseline,22191.48,3772.55,0,0
2019-06-27,4,0,0,6,fiber packages,0.28,baseline,23782.22,6659.02,0,0
2019-06-28,5,0,0,6,accessories,0.29,baseline,23356.29,6773.32,0,0
2019-06-29,6,1,0,12,smartphones,0.19,baseline,27174.98,5163.25,0,0
2019-06-30,0,1,0,14,IoT devices,0.25,baseline,28006.71,7001.68,0,0
2019-07-01,1,0,0,6,fiber packages,0.29,summer_dip,18511.34,5368.29,0,0
2019-07-02,2,0,0,6,accessories,0.29,summer_dip,18759.65,5440.3,0,0
2019-07-03,3,0,0,8,IoT devices,0.2,summer_dip,20210.31,4042.06,0,0
2019-07-04,4,0,0,8,fiber packages,0.28,summer_dip,21347.33,5977.25,0,0
2019-07-05,5,0,0,8,IoT devices,0.21,summer_dip,20808.49,4369.78,0,0
2019-07-06,6,1,0,14,accessories,0.3,summer_dip,23638.95,7091.69,0,0
2019-07-07,0,1,0,10,IoT devices,0.2,summer_dip,24005.09,4801.02,0,0
2019-07-08,1,0,0,6,fiber packages,0.29,summer_dip,19175.34,5560.85,0,0
2019-07-09,2,0,0,6,IoT devices,0.2,summer_dip,19661.18,3932.24,0,0
2019-07-10,3,0,0,7,smartphones,0.17,summer_dip,20407.58,3469.29,0,0
2019-07-11,4,0,0,7,fiber packages,0.28,summer_dip,21589.25,6044.99,0,0
2019-07-12,5,0,0,7,fiber packages,0.26,summer_dip,20863.69,5424.56,0,0
2019-07-13,6,1,0,10,accessories,0.29,summer_dip,25287.07,7333.25,0,0
2019-07-14,0,1,0,11,fiber packages,0.28,summer_dip,25772.89,7216.41,0,0
2019-07-15,1,0,0,5,smartphones,0.18,summer_dip,19396.83,3491.43,0,0
2019-07-16,2,0,0,5,smartphones,0.17,summer_dip,19164.09,3257.9,0,0
2019-07-17,3,0,0,6,accessories,0.28,summer_dip,22073.01,6180.44,0,0
2019-07-18,4,0,0,6,accessories,0.25,summer_dip,20623.24,5155.81,0,0
2019-07-19,5,0,0,9,IoT devices,0.2,summer_dip,20524.14,4104.83,0,0
2019-07-20,6,1,0,11,fiber packages,0.26,summer_dip,24463.23,6360.44,0,0
2019-07-21,0,1,0,13,fiber packages,0.26,summer_dip,23497.88,6109.45,0,0
2019-07-22,1,0,0,4,smartphones,0.17,summer_dip,18097.34,3076.55,0,0
2019-07-23,2,0,0,4,smartphones,0.19,summer_dip,18439.58,3503.52,0,0
2019-07-24,3,0,0,6,smartphones,0.15,summer_dip,21340.45,3201.07,0,0
2019-07-25,4,0,0,9,smartphones,0.2,summer_dip,20484.8,4096.96,0,0
2019-07-26,5,0,0,9,IoT devices,0.25,summer_dip,21194.55,5298.64,0,0
2019-07-27,6,1,0,11,accessories,0.26,summer_dip,24628.3,6403.36,0,0
2019-07-28,0,1,0,15,smartphones,0.2,summer_dip,24667.42,4933.48,0,0
2019-07-29,1,0,0,5,fiber packages,0.28,summer_dip,18466.64,5170.66,0,0
2019-07-30,2,0,0,4,smartphones,0.19,summer_dip,19171.74,3642.63,0,0
2019-07-31,3,0,0,8,smartphones,0.19,summer_dip,21331.53,4052.99,0,0
2019-08-01,4,0,0,7,fiber packages,0.26,summer_dip,17781.4,4623.16,0,0
2019-08-02,5,0,0,9,fiber packages,0.27,summer_dip,18905.54,5104.5,0,0
2019-08-03,6,1,0,12,IoT devices,0.2,summer_dip,21237.31,4247.46,0,0
2019-08-04,0,1,0,12,smartphones,0.18,summer_dip,21748.75,3914.77,0,0
2019-08-05,1,0,0,4,accessories,0.26,summer_dip,16760.96,4357.85,0,0
2019-08-06,2,0,0,6,IoT devices,0.22,summer_dip,16151.0,3553.22,0,0
2019-08-07,3,0,0,6,fiber packages,0.27,summer_dip,17626.97,4759.28,0,0
2019-08-08,4,0,0,7,smartphones,0.17,summer_dip,18571.05,3157.08,0,0
2019-08-09,5,0,0,6,IoT devices,0.25,summer_dip,18998.63,4749.66,0,0
2019-08-10,6,1,0,10,smartphones,0.18,summer_dip,21564.94,3881.69,0,0
2019-08-11,0,1,0,14,smartphones,0.2,summer_dip,22208.98,4441.8,0,0
2019-08-12,1,0,0,4,fiber packages,0.26,summer_dip,15930.74,4141.99,0,0
2019-08-13,2,0,0,6,IoT devices,0.25,summer_dip,16616.93,4154.23,0,0
2019-08-14,3,0,0,7,fiber packages,0.29,summer_dip,17664.64,5122.75,0,0
2019-08-15,4,0,1,15,IoT devices,0.22,summer_dip,19432.29,4275.1,0,0
2019-08-16,5,0,0,9,IoT devices,0.22,summer_dip,18548.38,4080.64,0,0
2019-08-17,6,1,0,15,smartphones,0.15,summer_dip,21545.12,3231.77,0,0
2019-08-18,0,1,0,11,accessories,0.28,summer_dip,21025.37,5887.1,0,0
2019-08-19,1,0,0,6,IoT devices,0.23,summer_dip,16919.55,3891.5,0,0
2019-08-20,2,0,0,6,accessories,0.27,summer_dip,16673.88,4501.95,0,0
2019-08-21,3,0,0,6,IoT devices,0.22,summer_dip,17357.77,3818.71,0,0
2019-08-22,4,0,0,7,accessories,0.27,summer_dip,17850.73,4819.7,0,0
2019-08-23,5,0,0,7,accessories,0.3,summer_dip,17349.78,5204.93,0,0
2019-08-24,6,1,0,12,IoT devices,0.23,summer_dip,22729.89,5227.87,0,0
2019-08-25,0,1,0,11,fiber packages,0.25,summer_dip,22515.0,5628.75,0,0
2019-08-26,1,0,0,6,accessories,0.26,summer_dip,15728.58,4089.43,0,0
2019-08-27,2,0,0,4,accessories,0.26,summer_dip,17152.76,4459.72,0,0
2019-08-28,3,0,0,9,fiber packages,0.28,summer_dip,18870.98,5283.87,0,0
2019-08-29,4,0,0,6,fiber packages,0.26,summer_dip,17365.27,4514.97,0,0
2019-08-30,5,0,0,7,IoT devices,0.23,summer_dip,18962.26,4361.32,0,0
2019-08-31,6,1,0,15,smartphones,0.18,summer_dip,21985.32,3957.36,0,0
2019-09-01,0,1,0,12,accessories,0.26,summer_recovery,25921.48,6739.58,0,0
2019-09-02,1,0,0,4,smartphones,0.18,summer_recovery,18584.1,3345.14,0,0
2019-09-03,2,0,0,5,accessories,0.27,summer_recovery,19334.9,5220.42,0,0
2019-09-04,3,0,0,9,smartphones,0.19,summer_recovery,20687.36,3930.6,0,0
2019-09-05,4,0,0,6,smartphones,0.2,summer_recovery,21605.84,4321.17,0,0
2019-09-06,5,0,0,8,smartphones,0.16,summer_recovery,19774.91,3163.99,0,0
2019-09-07,6,1,0,12,fiber packages,0.25,summer_recovery,25270.29,6317.57,0,0
2019-09-08,0,1,0,10,IoT devices,0.22,summer_recovery,26828.68,5902.31,0,0
2019-09-09,1,0,0,6,IoT devices,0.21,summer_recovery,17911.42,3761.4,0,0
2019-09-10,2,0,0,4,IoT devices,0.25,summer_recovery,18820.19,4705.05,0,0
2019-09-11,3,0,0,8,fiber packages,0.25,summer_recovery,20737.9,5184.48,0,0
2019-09-12,4,0,0,6,IoT devices,0.24,summer_recovery,20903.14,5016.75,0,0
2019-09-13,5,0,0,8,IoT devices,0.2,summer_recovery,21298.41,4259.68,0,0
2019-09-14,6,1,0,14,accessories,0.29,summer_recovery,25279.16,7330.96,0,0
2019-09-15,0,1,0,11,fiber packages,0.26,summer_recovery,25183.37,6547.68,0,0
2019-09-16,1,0,0,6,IoT devices,0.22,summer_recovery,19889.51,4375.69,0,0
2019-09-17,2,0,0,6,IoT devices,0.23,summer_recovery,19003.72,4370.86,0,0
2019-09-18,3,0,0,6,fiber packages,0.29,summer_recovery,20223.15,5864.71,0,0
2019-09-19,4,0,0,8,IoT devices,0.24,summer_recovery,20600.9,4944.22,0,0
2019-09-20,5,0,0,6,IoT devices,0.23,summer_recovery,20770.03,4777.11,0,0
2019-09-21,6,1,0,12,smartphones,0.19,summer_recovery,24625.24,4678.8,0,0
2019-09-22,0,1,0,15,smartphones,0.16,summer_recovery,24567.96,3930.87,0,0
2019-09-23,1,0,0,4,smartphones,0.2,summer_recovery,19265.59,3853.12,0,0
2019-09-24,2,0,0,5,accessories,0.26,summer_recovery,18821.5,4893.59,0,0
2019-09-25,3,0,0,9,smartphones,0.15,summer_recovery,21556.76,3233.51,0,0
2019-09-26,4,0,0,8,IoT devices,0.22,summer_recovery,22038.63,4848.5,0,0
2019-09-27,5,0,0,9,IoT devices,0.2,summer_recovery,21844.27,4368.85,0,0
2019-09-28,6,1,0,12,smartphones,0.19,summer_recovery,26943.46,5119.26,0,0
2019-09-29,0,1,0,12,IoT devices,0.25,summer_recovery,26468.58,6617.15,0,0
2019-09-30,1,0,0,6,fiber packages,0.3,summer_recovery,19583.1,5874.93,0,0
2019-10-01,2,0,0,4,IoT devices,0.23,baseline,20102.09,4623.48,0,0
2019-10-02,3,0,0,7,IoT devices,0.2,baseline,22588.44,4517.69,0,0
2019-10-03,4,0,0,8,fiber packages,0.26,baseline,23167.16,6023.46,0,0
2019-10-04,5,0,0,8,smartphones,0.19,baseline,22962.79,4362.93,0,0
2019-10-05,6,1,1,14,fiber packages,0.27,baseline,27055.45,7304.97,0,0
2019-10-06,0,1,0,14,accessories,0.29,baseline,27008.93,7832.59,0,0
2019-10-07,1,0,0,4,fiber packages,0.26,baseline,20507.12,5331.85,0,0
2019-10-08,2,0,0,4,fiber packages,0.3,baseline,21474.22,6442.27,0,0
2019-10-09,3,0,0,9,accessories,0.28,baseline,21907.69,6134.15,0,0
2019-10-10,4,0,0,7,smartphones,0.16,baseline,22883.69,3661.39,0,0
2019-10-11,5,0,0,8,smartphones,0.17,baseline,22129.85,3762.07,0,0
2019-10-12,6,1,0,12,accessories,0.28,baseline,26245.39,7348.71,0,0
2019-10-13,0,1,0,10,smartphones,0.18,baseline,28680.33,5162.46,0,0
2019-10-14,1,0,0,5,accessories,0.28,baseline,19919.65,5577.5,0,0
2019-10-15,2,0,0,6,fiber packages,0.26,baseline,19986.87,5196.59,0,0
2019-10-16,3,0,0,6,fiber packages,0.25,baseline,23597.6,5899.4,0,0
2019-10-17,4,0,0,8,smartphones,0.19,baseline,21847.24,4150.98,0,0
2019-10-18,5,0,0,9,fiber packages,0.29,baseline,22173.86,6430.42,0,0
2019-10-19,6,1,0,15,fiber packages,0.3,baseline,27628.83,8288.65,0,0
2019-10-20,0,1,0,13,accessories,0.27,baseline,28010.83,7562.92,0,0
2019-10-21,1,0,0,6,smartphones,0.16,baseline,20182.19,3229.15,0,0
2019-10-22,2,0,0,5,accessories,0.27,baseline,19999.31,5399.81,0,0
2019-10-23,3,0,0,9,IoT devices,0.22,baseline,23227.31,5110.01,0,0
2019-10-24,4,0,0,7,accessories,0.27,baseline,22354.75,6035.78,0,0
2019-10-25,5,0,0,6,accessories,0.28,baseline,21825.15,6111.04,0,0
2019-10-26,6,1,0,13,smartphones,0.17,baseline,26493.84,4503.95,0,0
2019-10-27,0,1,0,13,IoT devices,0.2,baseline,26328.13,5265.63,0,0
2019-10-28,1,0,0,5,IoT devices,0.25,baseline,20450.54,5112.64,0,0
2019-10-29,2,0,0,4,fiber packages,0.27,baseline,21251.12,5737.8,0,0
2019-10-30,3,0,0,8,IoT devices,0.23,baseline,22840.05,5253.21,0,0
2019-10-31,4,0,0,8,IoT devices,0.25,baseline,22187.87,5546.97,0,0
2019-11-01,5,0,1,12,fiber packages,0.29,baseline,23615.96,6848.63,0,0
2019-11-02,6,1,0,11,IoT devices,0.21,baseline,27623.88,5801.01,0,0
2019-11-03,0,1,0,14,IoT devices,0.24,baseline,28696.11,6887.07,0,0
2019-11-04,1,0,0,5,fiber packages,0.28,baseline,20690.46,5793.33,0,0
2019-11-05,2,0,0,4,IoT devices,0.23,baseline,21165.55,4868.08,0,0
2019-11-06,3,0,0,9,smartphones,0.17,baseline,22073.87,3752.56,0,0
2019-11-07,4,0,0,9,accessories,0.27,baseline,21729.26,5866.9,0,0
2019-11-08,5,0,0,8,accessories,0.3,baseline,23473.76,7042.13,0,0
2019-11-09,6,1,0,11,fiber packages,0.28,baseline,26203.61,7337.01,0,0
2019-11-10,0,1,0,11,fiber packages,0.26,baseline,27399.13,7123.77,0,0
2019-11-11,1,0,0,5,fiber packages,0.29,baseline,21312.63,6180.66,0,0
2019-11-12,2,0,0,5,IoT devices,0.23,baseline,20114.84,4626.41,0,0
2019-11-13,3,0,0,8,fiber packages,0.28,baseline,22844.31,6396.41,0,0
2019-11-14,4,0,0,7,IoT devices,0.24,baseline,22323.07,5357.54,0,0
2019-11-15,5,0,0,9,accessories,0.29,baseline,22922.05,6647.39,0,0
2019-11-16,6,1,0,14,IoT devices,0.21,baseline,28106.26,5902.31,0,0
2019-11-17,0,1,0,14,smartphones,0.16,baseline,27984.23,4477.48,0,0
2019-11-18,1,0,0,6,fiber packages,0.27,baseline,19681.49,5314.0,0,0
2019-11-19,2,0,0,5,accessories,0.29,baseline,20742.97,6015.46,0,0
2019-11-20,3,0,0,9,accessories,0.28,baseline,23490.79,6577.42,0,0
2019-11-21,4,0,0,9,fiber packages,0.29,baseline,23874.15,6923.5,0,0
2019-11-22,5,0,0,9,smartphones,0.2,baseline,22477.2,4495.44,0,0
2019-11-23,6,1,0,15,smartphones,0.16,baseline,27278.31,4364.53,0,0
2019-11-24,0,1,0,15,smartphones,0.18,black_friday,30229.96,5441.39,0,0
2019-11-25,1,0,0,4,fiber packages,0.29,baseline,19618.62,5689.4,0,0
2019-11-26,2,0,0,4,accessories,0.26,baseline,19697.61,5121.38,0,0
2019-11-27,3,0,0,8,fiber packages,0.27,baseline,22188.92,5991.01,0,0
2019-11-28,4,0,0,7,smartphones,0.18,baseline,23153.64,4167.66,0,0
2019-11-29,5,0,0,7,fiber packages,0.3,baseline,22009.77,6602.93,0,0
2019-11-30,6,1,0,13,accessories,0.25,baseline,27247.44,6811.86,0,0
2019-12-01,0,1,1,11,IoT devices,0.22,baseline,28238.45,6212.46,0,0
2019-12-02,1,0,0,5,fiber packages,0.26,baseline,20533.49,5338.71,0,0
2019-12-03,2,0,0,4,IoT devices,0.24,baseline,20326.42,4878.34,0,0
2019-12-04,3,0,0,6,fiber packages,0.3,baseline,23463.2,7038.96,0,0
2019-12-05,4,0,0,9,IoT devices,0.21,baseline,22323.75,4687.99,0,0
2019-12-06,5,0,0,9,smartphones,0.17,baseline,21951.32,3731.72,0,0
2019-12-07,6,1,0,13,accessories,0.26,baseline,27165.66,7063.07,0,0
2019-12-08,0,1,1,11,smartphones,0.2,baseline,28141.38,5628.28,0,0
2019-12-09,1,0,0,4,fiber packages,0.27,baseline,21190.8,5721.52,0,0
2019-12-10,2,0,0,4,accessories,0.3,baseline,21009.86,6302.96,0,0
2019-12-11,3,0,0,9,fiber packages,0.3,baseline,21860.9,6558.27,0,0
2019-12-12,4,0,0,8,fiber packages,0.26,baseline,21899.45,5693.86,0,0
2019-12-13,5,0,0,8,IoT devices,0.22,baseline,23300.32,5126.07,0,0
2019-12-14,6,1,0,13,IoT devices,0.24,baseline,27076.71,6498.41,0,0
2019-12-15,0,1,0,10,accessories,0.27,christmas_peak,41610.42,11234.81,0,1
2019-12-16,1,0,0,6,IoT devices,0.22,christmas_peak,32403.64,7128.8,0,1
2019-12-17,2,0,0,5,accessories,0.26,christmas_peak,32186.66,8368.53,0,1
2019-12-18,3,0,0,6,accessories,0.25,christmas_peak,32814.23,8203.56,0,1
2019-12-19,4,0,0,9,IoT devices,0.2,christmas_peak,32518.27,6503.65,0,1
2019-12-20,5,0,0,9,accessories,0.27,christmas_peak,36816.7,9940.51,0,1
2019-12-21,6,1,0,11,fiber packages,0.29,christmas_peak,39033.36,11319.67,0,1
2019-12-22,0,1,0,15,smartphones,0.19,christmas_peak,41379.21,7862.05,0,1
2019-12-23,1,0,0,4,accessories,0.26,christmas_peak,32510.75,8452.8,0,1
2019-12-24,2,0,0,5,smartphones,0.15,christmas_peak,32554.11,4883.12,0,1
2019-12-25,3,0,1,0,fiber packages,0.0,store_closed,0.0,0.0,0,0
2019-12-26,4,0,0,9,fiber packages,0.29,baseline,21921.54,6357.25,0,0
2019-12-27,5,0,0,6,IoT devices,0.21,baseline,22864.95,4801.64,0,0
2019-12-28,6,1,0,11,fiber packages,0.27,baseline,26654.77,7196.79,0,0
2019-12-29,0,1,0,10,IoT devices,0.22,baseline,26018.44,5724.06,0,0
2019-12-30,1,0,0,4,accessories,0.25,baseline,20614.6,5153.65,0,0
2019-12-31,2,0,0,6,accessories,0.3,baseline,20841.81,6252.54,0,0
2020-01-01,3,0,1,0,fiber packages,0.0,store_closed,0.0,0.0,0,0
2020-01-02,4,0,0,6,accessories,0.29,post_holiday_dip,20882.62,6055.96,0,0
2020-01-03,5,0,0,8,accessories,0.28,post_holiday_dip,20529.91,5748.37,0,0
2020-01-04,6,1,0,14,IoT devices,0.21,post_holiday_dip,26413.39,5546.81,0,0
2020-01-05,0,1,0,13,fiber packages,0.29,post_holiday_dip,26524.03,7691.97,0,0
2020-01-06,1,0,0,4,accessories,0.26,post_holiday_dip,18400.9,4784.23,0,0
2020-01-07,2,0,0,4,accessories,0.26,post_holiday_dip,18843.84,4899.4,0,0
2020-01-08,3,0,0,9,fiber packages,0.27,post_holiday_dip,21478.21,5799.12,0,0
2020-01-09,4,0,0,6,accessories,0.27,post_holiday_dip,21105.21,5698.41,0,0
2020-01-10,5,0,0,7,IoT devices,0.24,post_holiday_dip,21807.98,5233.92,0,0
2020-01-11,6,1,0,14,smartphones,0.19,post_holiday_dip,24332.81,4623.23,0,0
2020-01-12,0,1,0,12,accessories,0.28,post_holiday_dip,25181.97,7050.95,0,0
2020-01-13,1,0,0,5,smartphones,0.16,post_holiday_dip,19580.05,3132.81,0,0
2020-01-14,2,0,0,6,fiber packages,0.27,post_holiday_dip,18563.32,5012.1,0,0
2020-01-15,3,0,0,8,IoT devices,0.23,post_holiday_dip,20106.75,4624.55,0,0
2020-01-16,4,0,0,9,accessories,0.28,post_holiday_dip,20842.4,5835.87,0,0
2020-01-17,5,0,0,8,smartphones,0.19,post_holiday_dip,20395.94,3875.23,0,0
2020-01-18,6,1,0,11,IoT devices,0.22,post_holiday_dip,24216.5,5327.63,0,0
2020-01-19,0,1,0,12,accessories,0.26,post_holiday_dip,25283.12,6573.61,0,0
2020-01-20,1,0,0,6,smartphones,0.17,post_holiday_dip,18715.41,3181.62,0,0
2020-01-21,2,0,0,5,smartphones,0.19,post_holiday_dip,18681.55,3549.49,0,0
2020-01-22,3,0,0,8,fiber packages,0.26,post_holiday_dip,21569.68,5608.12,0,0
2020-01-23,4,0,0,7,fiber packages,0.26,post_holiday_dip,21948.08,5706.5,0,0
2020-01-24,5,0,0,7,fiber packages,0.25,post_holiday_dip,20407.47,5101.87,0,0
2020-01-25,6,1,0,12,IoT devices,0.23,post_holiday_dip,24704.44,5682.02,0,0
2020-01-26,0,1,0,11,smartphones,0.19,post_holiday_dip,25435.05,4832.66,0,0
2020-01-27,1,0,0,6,smartphones,0.19,post_holiday_dip,18497.52,3514.53,0,0
2020-01-28,2,0,0,6,accessories,0.26,post_holiday_dip,19156.43,4980.67,0,0
2020-01-29,3,0,0,8,fiber packages,0.28,post_holiday_dip,20721.44,5802.0,0,0
2020-01-30,4,0,0,9,IoT devices,0.23,post_holiday_dip,20610.64,4740.45,0,0
2020-01-31,5,0,0,8,accessories,0.29,post_holiday_dip,21431.62,6215.17,0,0
2020-02-01,6,1,0,13,IoT devices,0.22,baseline,28085.76,6178.87,0,0
2020-02-02,0,1,0,11,smartphones,0.18,baseline,28189.2,5074.06,0,0
2020-02-03,1,0,0,6,smartphones,0.19,baseline,21748.39,4132.19,0,0
2020-02-04,2,0,0,4,accessories,0.28,baseline,21642.15,6059.8,0,0
2020-02-05,3,0,0,9,fiber packages,0.26,baseline,22772.47,5920.84,0,0
2020-02-06,4,0,0,8,IoT devices,0.23,baseline,24429.8,5618.85,0,0
2020-02-07,5,0,0,6,accessories,0.28,baseline,22567.09,6318.79,0,0
2020-02-08,6,1,0,10,accessories,0.3,baseline,26802.03,8040.61,0,0
2020-02-09,0,1,0,15,accessories,0.27,baseline,27274.32,7364.07,0,0
2020-02-10,1,0,0,5,IoT devices,0.2,baseline,20667.66,4133.53,0,0
2020-02-11,2,0,0,6,accessories,0.25,baseline,20341.34,5085.34,0,0
2020-02-12,3,0,0,6,fiber packages,0.29,baseline,22694.57,6581.43,0,0
2020-02-13,4,0,0,8,IoT devices,0.21,baseline,23273.6,4887.46,0,0
2020-02-14,5,0,0,8,accessories,0.28,baseline,22454.71,6287.32,0,0
2020-02-15,6,1,0,13,accessories,0.29,baseline,28875.86,8374.0,0,0
2020-02-16,0,1,0,13,accessories,0.27,baseline,26898.26,7262.53,0,0
2020-02-17,1,0,0,5,fiber packages,0.29,baseline,20941.22,6072.95,0,0
2020-02-18,2,0,0,5,fiber packages,0.28,baseline,21407.4,5994.07,0,0
2020-02-19,3,0,0,9,fiber packages,0.27,baseline,24515.58,6619.21,0,0
2020-02-20,4,0,0,8,fiber packages,0.26,baseline,22690.55,5899.54,0,0
2020-02-21,5,0,0,8,fiber packages,0.29,baseline,23674.44,6865.59,0,0
2020-02-22,6,1,0,11,IoT devices,0.24,baseline,26800.8,6432.19,0,0
2020-02-23,0,1,0,11,IoT devices,0.21,baseline,26897.49,5648.47,0,0
2020-02-24,1,0,0,6,smartphones,0.16,baseline,20456.68,3273.07,0,0
2020-02-25,2,0,0,4,smartphones,0.18,baseline,21017.98,3783.24,0,0
2020-02-26,3,0,0,7,IoT devices,0.23,baseline,23359.75,5372.74,0,0
2020-02-27,4,0,0,7,IoT devices,0.24,baseline,23347.34,5603.36,0,0
2020-02-28,5,0,0,8,accessories,0.3,baseline,23945.51,7183.65,0,0
2020-02-29,6,1,0,14,fiber packages,0.26,baseline,27401.89,7124.49,0,0
2020-03-01,0,1,0,11,IoT devices,0.25,baseline,29187.26,7296.81,0,0
2020-03-02,1,0,0,4,fiber packages,0.27,baseline,21338.55,5761.41,0,0
2020-03-03,2,0,0,4,smartphones,0.16,baseline,21815.03,3490.4,0,0
2020-03-04,3,0,0,9,IoT devices,0.24,baseline,22837.57,5481.02,0,0
2020-03-05,4,0,0,7,accessories,0.28,baseline,22733.23,6365.3,0,0
2020-03-06,5,0,0,9,accessories,0.27,baseline,22472.44,6067.56,0,0
2020-03-07,6,1,0,11,accessories,0.28,baseline,27150.59,7602.17,0,0
2020-03-08,0,1,0,12,fiber packages,0.28,baseline,27955.22,7827.46,0,0
2020-03-09,1,0,0,5,smartphones,0.15,baseline,20184.03,3027.6,0,0
2020-03-10,2,0,0,6,IoT devices,0.21,baseline,21546.34,4524.73,0,0
2020-03-11,3,0,0,7,smartphones,0.18,baseline,24580.94,4424.57,0,0
2020-03-12,4,0,0,8,IoT devices,0.24,baseline,23320.5,5596.92,0,0
2020-03-13,5,0,0,9,fiber packages,0.27,baseline,22880.88,6177.84,0,0
2020-03-14,6,1,0,10,fiber packages,0.27,baseline,27473.36,7417.81,0,0
2020-03-15,0,1,0,14,accessories,0.27,baseline,27616.65,7456.5,0,0
2020-03-16,1,0,0,4,fiber packages,0.28,baseline,20670.85,5787.84,0,0
2020-03-17,2,0,0,4,fiber packages,0.26,baseline,21315.35,5541.99,0,0
2020-03-18,3,0,0,9,smartphones,0.18,baseline,22720.2,4089.64,0,0
2020-03-19,4,0,0,6,fiber packages,0.29,baseline,22943.03,6653.48,0,0
2020-03-20,5,0,0,9,smartphones,0.19,baseline,24144.25,4587.41,0,0
2020-03-21,6,1,0,15,accessories,0.28,baseline,28473.5,7972.58,0,0
2020-03-22,0,1,0,15,smartphones,0.19,baseline,27205.4,5169.03,0,0
2020-03-23,1,0,0,4,fiber packages,0.25,baseline,20188.41,5047.1,0,0
2020-03-24,2,0,0,6,smartphones,0.2,baseline,21840.68,4368.14,0,0
2020-03-25,3,0,0,8,IoT devices,0.21,baseline,23079.12,4846.62,0,0
2020-03-26,4,0,0,8,IoT devices,0.25,baseline,23039.57,5759.89,0,0
2020-03-27,5,0,0,8,fiber packages,0.29,baseline,24301.97,7047.57,0,0
2020-03-28,6,1,0,11,accessories,0.29,baseline,27613.2,8007.83,0,0
2020-03-29,0,1,0,14,IoT devices,0.24,baseline,28437.68,6825.04,0,0
2020-03-30,1,0,0,6,IoT devices,0.23,baseline,20164.02,4637.72,0,0
2020-03-31,2,0,0,5,accessories,0.27,baseline,20428.54,5515.71,0,0
2020-04-01,3,0,0,9,fiber packages,0.28,baseline,23390.31,6549.29,0,0
2020-04-02,4,0,0,7,IoT devices,0.23,baseline,22586.19,5194.82,0,0
2020-04-03,5,0,0,8,fiber packages,0.26,baseline,24125.68,6272.68,0,0
2020-04-04,6,1,0,13,IoT devices,0.25,baseline,27140.52,6785.13,0,0
2020-04-05,0,1,0,13,smartphones,0.16,baseline,28543.04,4566.89,0,0
2020-04-06,1,0,0,4,IoT devices,0.24,easter_week,25525.91,6126.22,1,0
2020-04-07,2,0,0,6,fiber packages,0.27,easter_week,24436.9,6597.96,1,0
2020-04-08,3,0,0,7,smartphones,0.16,easter_week,28068.88,4491.02,1,0
2020-04-09,4,0,0,6,smartphones,0.16,easter_week,27591.89,4414.7,1,0
2020-04-10,5,0,1,14,accessories,0.3,easter_week,27558.77,8267.63,1,0
2020-04-11,6,1,0,14,smartphones,0.18,easter_week,33011.71,5942.11,1,0
2020-04-12,0,1,0,12,smartphones,0.16,easter_week,33671.09,5387.37,1,0
2020-04-13,1,0,0,6,smartphones,0.17,baseline,20950.99,3561.67,0,0
2020-04-14,2,0,0,5,accessories,0.28,baseline,20683.47,5791.37,0,0
2020-04-15,3,0,0,6,IoT devices,0.24,baseline,23328.5,5598.84,0,0
2020-04-16,4,0,0,8,accessories,0.29,baseline,24015.13,6964.39,0,0
2020-04-17,5,0,0,6,smartphones,0.19,baseline,23647.55,4493.03,0,0
2020-04-18,6,1,0,14,smartphones,0.15,baseline,27687.94,4153.19,0,0
2020-04-19,0,1,0,13,accessories,0.28,baseline,28797.94,8063.42,0,0
2020-04-20,1,0,0,6,fiber packages,0.28,baseline,21625.75,6055.21,0,0
2020-04-21,2,0,0,6,fiber packages,0.29,baseline,22047.53,6393.78,0,0
2020-04-22,3,0,0,9,accessories,0.28,baseline,23210.15,6498.84,0,0
2020-04-23,4,0,0,8,IoT devices,0.22,baseline,22357.87,4918.73,0,0
2020-04-24,5,0,0,8,fiber packages,0.27,baseline,23085.66,6233.13,0,0
2020-04-25,6,1,1,11,fiber packages,0.25,baseline,27045.43,6761.36,0,0
2020-04-26,0,1,0,14,IoT devices,0.25,baseline,28979.41,7244.85,0,0
2020-04-27,1,0,0,6,smartphones,0.16,baseline,21775.36,3484.06,0,0
2020-04-28,2,0,0,5,fiber packages,0.29,baseline,21894.45,6349.39,0,0
2020-04-29,3,0,0,9,accessories,0.28,baseline,23143.77,6480.26,0,0
2020-04-30,4,0,0,7,IoT devices,0.24,baseline,22670.75,5440.98,0,0
2020-05-01,5,0,1,14,IoT devices,0.24,baseline,23821.35,5717.12,0,0
2020-05-02,6,1,0,15,IoT devices,0.24,baseline,29085.85,6980.6,0,0
2020-05-03,0,1,0,15,smartphones,0.18,baseline,28923.54,5206.24,0,0
2020-05-04,1,0,0,5,IoT devices,0.21,baseline,20711.68,4349.45,0,0
2020-05-05,2,0,0,5,accessories,0.29,baseline,22035.83,6390.39,0,0
2020-05-06,3,0,0,7,fiber packages,0.26,baseline,23281.82,6053.27,0,0
2020-05-07,4,0,0,6,fiber packages,0.3,baseline,22389.67,6716.9,0,0
2020-05-08,5,0,0,8,accessories,0.25,baseline,23748.46,5937.11,0,0
2020-05-09,6,1,0,10,IoT devices,0.22,baseline,28797.56,6335.46,0,0
2020-05-10,0,1,0,14,accessories,0.25,baseline,27159.22,6789.81,0,0
2020-05-11,1,0,0,4,IoT devices,0.24,baseline,21222.78,5093.47,0,0
2020-05-12,2,0,0,6,accessories,0.29,baseline,21751.96,6308.07,0,0
2020-05-13,3,0,0,7,smartphones,0.19,baseline,22741.3,4320.85,0,0
2020-05-14,4,0,0,7,accessories,0.26,baseline,23418.44,6088.79,0,0
2020-05-15,5,0,0,7,IoT devices,0.21,baseline,22504.69,4725.98,0,0
2020-05-16,6,1,0,10,fiber packages,0.29,baseline,27036.14,7840.48,0,0
2020-05-17,0,1,0,14,IoT devices,0.22,baseline,29257.39,6436.63,0,0
2020-05-18,1,0,0,4,IoT devices,0.25,baseline,20150.94,5037.73,0,0
2020-05-19,2,0,0,5,fiber packages,0.28,baseline,21295.41,5962.71,0,0
2020-05-20,3,0,0,7,accessories,0.28,baseline,24473.8,6852.66,0,0
2020-05-21,4,0,0,9,accessories,0.27,baseline,24057.26,6495.46,0,0
2020-05-22,5,0,0,9,accessories,0.29,baseline,22695.02,6581.56,0,0
2020-05-23,6,1,0,14,fiber packages,0.25,baseline,28781.02,7195.26,0,0
2020-05-24,0,1,0,10,IoT devices,0.24,baseline,27856.87,6685.65,0,0
2020-05-25,1,0,0,4,IoT devices,0.24,baseline,21822.22,5237.33,0,0
2020-05-26,2,0,0,6,IoT devices,0.25,baseline,21765.6,5441.4,0,0
2020-05-27,3,0,0,9,fiber packages,0.3,baseline,22785.53,6835.66,0,0
2020-05-28,4,0,0,8,IoT devices,0.2,baseline,24132.3,4826.46,0,0
2020-05-29,5,0,0,7,accessories,0.3,baseline,24404.22,7321.27,0,0
2020-05-30,6,1,0,14,fiber packages,0.29,baseline,29394.77,8524.48,0,0
2020-05-31,0,1,0,11,IoT devices,0.22,baseline,28571.91,6285.82,0,0
2020-06-01,1,0,0,6,accessories,0.3,baseline,22176.3,6652.89,0,0
2020-06-02,2,0,0,5,IoT devices,0.2,baseline,20823.84,4164.77,0,0
2020-06-03,3,0,0,6,accessories,0.29,baseline,22427.61,6504.01,0,0
2020-06-04,4,0,0,9,fiber packages,0.27,baseline,24623.66,6648.39,0,0
2020-06-05,5,0,0,7,smartphones,0.18,baseline,22942.27,4129.61,0,0
2020-06-06,6,1,0,13,smartphones,0.2,baseline,29352.56,5870.51,0,0
2020-06-07,0,1,0,13,fiber packages,0.25,baseline,27015.07,6753.77,0,0
2020-06-08,1,0,0,4,fiber packages,0.27,baseline,20947.21,5655.75,0,0
2020-06-09,2,0,0,4,IoT devices,0.22,baseline,20554.84,4522.06,0,0
2020-06-10,3,0,1,14,accessories,0.3,baseline,25456.81,7637.04,0,0
2020-06-11,4,0,1,11,fiber packages,0.28,baseline,23710.2,6638.86,0,0
2020-06-12,5,0,0,8,accessories,0.3,baseline,23618.04,7085.41,0,0
2020-06-13,6,1,0,10,IoT devices,0.2,baseline,27588.97,5517.79,0,0
2020-06-14,0,1,0,14,accessories,0.29,baseline,28418.73,8241.43,0,0
2020-06-15,1,0,0,5,accessories,0.26,baseline,20646.7,5368.14,0,0
2020-06-16,2,0,0,6,IoT devices,0.22,baseline,20841.95,4585.23,0,0
2020-06-17,3,0,0,9,accessories,0.26,baseline,23899.34,6213.83,0,0
2020-06-18,4,0,0,6,accessories,0.27,baseline,24285.65,6557.13,0,0
2020-06-19,5,0,0,7,IoT devices,0.21,baseline,22821.63,4792.54,0,0
2020-06-20,6,1,0,11,accessories,0.28,baseline,27411.21,7675.14,0,0
2020-06-21,0,1,0,15,IoT devices,0.2,baseline,28205.78,5641.16,0,0
2020-06-22,1,0,0,4,smartphones,0.18,baseline,20377.59,3667.97,0,0
2020-06-23,2,0,0,4,IoT devices,0.23,baseline,20660.59,4751.94,0,0
2020-06-24,3,0,1,15,fiber packages,0.27,baseline,23560.42,6361.31,0,0
2020-06-25,4,0,0,8,IoT devices,0.2,baseline,22388.7,4477.74,0,0
2020-06-26,5,0,0,7,fiber packages,0.29,baseline,23379.52,6780.06,0,0
2020-06-27,6,1,0,11,accessories,0.28,baseline,28544.14,7992.36,0,0
2020-06-28,0,1,0,14,smartphones,0.19,baseline,29545.68,5613.68,0,0
2020-06-29,1,0,0,6,accessories,0.29,baseline,21872.33,6342.98,0,0
2020-06-30,2,0,0,6,fiber packages,0.26,baseline,21635.54,5625.24,0,0
2020-07-01,3,0,0,8,accessories,0.27,summer_dip,22614.01,6105.78,0,0
2020-07-02,4,0,0,9,fiber packages,0.29,summer_dip,22096.94,6408.11,0,0
2020-07-03,5,0,0,7,fiber packages,0.27,summer_dip,22882.04,6178.15,0,0
2020-07-04,6,1,0,14,accessories,0.27,summer_dip,24514.34,6618.87,0,0
2020-07-05,0,1,0,11,smartphones,0.15,summer_dip,25296.3,3794.44,0,0
2020-07-06,1,0,0,4,fiber packages,0.3,summer_dip,18334.57,5500.37,0,0
2020-07-07,2,0,0,4,accessories,0.3,summer_dip,18277.69,5483.31,0,0
2020-07-08,3,0,0,9,IoT devices,0.24,summer_dip,21402.98,5136.72,0,0
2020-07-09,4,0,0,7,smartphones,0.19,summer_dip,22951.48,4360.78,0,0
2020-07-10,5,0,0,8,fiber packages,0.26,summer_dip,21729.06,5649.56,0,0
2020-07-11,6,1,0,14,smartphones,0.17,summer_dip,27216.44,4626.79,0,0
2020-07-12,0,1,0,10,smartphones,0.17,summer_dip,25863.19,4396.74,0,0
2020-07-13,1,0,0,4,accessories,0.29,summer_dip,19063.17,5528.32,0,0
2020-07-14,2,0,0,6,fiber packages,0.29,summer_dip,18578.87,5387.87,0,0
2020-07-15,3,0,0,9,fiber packages,0.29,summer_dip,20364.02,5905.57,0,0
2020-07-16,4,0,0,7,IoT devices,0.21,summer_dip,21095.47,4430.05,0,0
2020-07-17,5,0,0,9,accessories,0.3,summer_dip,20861.22,6258.37,0,0
2020-07-18,6,1,0,15,IoT devices,0.24,summer_dip,27109.32,6506.24,0,0
2020-07-19,0,1,0,11,smartphones,0.16,summer_dip,27140.01,4342.4,0,0
2020-07-20,1,0,0,4,accessories,0.29,summer_dip,20055.72,5816.16,0,0
2020-07-21,2,0,0,4,fiber packages,0.29,summer_dip,18859.09,5469.14,0,0
2020-07-22,3,0,0,6,IoT devices,0.2,summer_dip,21868.61,4373.72,0,0
2020-07-23,4,0,0,8,accessories,0.25,summer_dip,21406.81,5351.7,0,0
2020-07-24,5,0,0,8,smartphones,0.18,summer_dip,22101.02,3978.18,0,0
2020-07-25,6,1,0,11,IoT devices,0.24,summer_dip,27217.15,6532.12,0,0
2020-07-26,0,1,0,12,smartphones,0.17,summer_dip,25843.23,4393.35,0,0
2020-07-27,1,0,0,5,accessories,0.26,summer_dip,19967.52,5191.56,0,0
2020-07-28,2,0,0,6,smartphones,0.19,summer_dip,19903.83,3781.73,0,0
2020-07-29,3,0,0,7,smartphones,0.16,summer_dip,20955.94,3352.95,0,0
2020-07-30,4,0,0,6,IoT devices,0.22,summer_dip,20782.17,4572.08,0,0
2020-07-31,5,0,0,6,smartphones,0.17,summer_dip,22631.73,3847.39,0,0
2020-08-01,6,1,0,14,IoT devices,0.22,summer_dip,23155.15,5094.13,0,0
2020-08-02,0,1,0,13,fiber packages,0.29,summer_dip,21833.41,6331.69,0,0
2020-08-03,1,0,0,4,fiber packages,0.27,summer_dip,16262.09,4390.76,0,0
2020-08-04,2,0,0,4,smartphones,0.17,summer_dip,16096.52,2736.41,0,0
2020-08-05,3,0,0,8,IoT devices,0.22,summer_dip,19130.48,4208.71,0,0
2020-08-06,4,0,0,6,smartphones,0.19,summer_dip,18641.43,3541.87,0,0
2020-08-07,5,0,0,8,smartphones,0.2,summer_dip,18882.85,3776.57,0,0
2020-08-08,6,1,0,11,accessories,0.3,summer_dip,22329.45,6698.84,0,0
2020-08-09,0,1,0,11,fiber packages,0.28,summer_dip,23431.26,6560.75,0,0
2020-08-10,1,0,0,4,fiber packages,0.27,summer_dip,17151.85,4631.0,0,0
2020-08-11,2,0,0,5,accessories,0.27,summer_dip,16355.97,4416.11,0,0
2020-08-12,3,0,0,9,fiber packages,0.29,summer_dip,19173.09,5560.2,0,0
2020-08-13,4,0,0,7,smartphones,0.16,summer_dip,19675.59,3148.09,0,0
2020-08-14,5,0,0,7,accessories,0.27,summer_dip,19417.4,5242.7,0,0
2020-08-15,6,1,1,11,smartphones,0.2,summer_dip,21863.17,4372.63,0,0
2020-08-16,0,1,0,11,smartphones,0.2,summer_dip,22690.56,4538.11,0,0
2020-08-17,1,0,0,6,fiber packages,0.27,summer_dip,16443.65,4439.79,0,0
2020-08-18,2,0,0,4,IoT devices,0.22,summer_dip,17252.86,3795.63,0,0
2020-08-19,3,0,0,9,smartphones,0.17,summer_dip,19007.87,3231.34,0,0
2020-08-20,4,0,0,7,accessories,0.29,summer_dip,19722.01,5719.38,0,0
2020-08-21,5,0,0,8,accessories,0.3,summer_dip,19244.82,5773.45,0,0
2020-08-22,6,1,0,15,accessories,0.28,summer_dip,21610.4,6050.91,0,0
2020-08-23,0,1,0,10,smartphones,0.16,summer_dip,21612.46,3457.99,0,0
2020-08-24,1,0,0,5,accessories,0.28,summer_dip,16868.94,4723.3,0,0
2020-08-25,2,0,0,4,fiber packages,0.26,summer_dip,16445.22,4275.76,0,0
2020-08-26,3,0,0,8,smartphones,0.15,summer_dip,19288.27,2893.24,0,0
2020-08-27,4,0,0,9,smartphones,0.18,summer_dip,19165.32,3449.76,0,0
2020-08-28,5,0,0,6,accessories,0.26,summer_dip,19490.72,5067.59,0,0
2020-08-29,6,1,0,12,smartphones,0.18,summer_dip,23202.88,4176.52,0,0
2020-08-30,0,1,0,12,fiber packages,0.3,summer_dip,21791.12,6537.34,0,0
2020-08-31,1,0,0,4,fiber packages,0.29,summer_dip,16869.17,4892.06,0,0
2020-09-01,2,0,0,6,IoT devices,0.22,summer_recovery,19112.62,4204.78,0,0
2020-09-02,3,0,0,8,IoT devices,0.23,summer_recovery,20204.93,4647.13,0,0
2020-09-03,4,0,0,8,smartphones,0.17,summer_recovery,20986.36,3567.68,0,0
2020-09-04,5,0,0,6,smartphones,0.17,summer_recovery,22425.34,3812.31,0,0
2020-09-05,6,1,0,11,accessories,0.27,summer_recovery,25061.1,6766.5,0,0
2020-09-06,0,1,0,13,fiber packages,0.28,summer_recovery,27341.07,7655.5,0,0
2020-09-07,1,0,0,6,smartphones,0.17,summer_recovery,20881.43,3549.84,0,0
2020-09-08,2,0,0,4,smartphones,0.19,summer_recovery,19463.55,3698.07,0,0
2020-09-09,3,0,0,9,smartphones,0.17,summer_recovery,20453.97,3477.17,0,0
2020-09-10,4,0,0,6,IoT devices,0.24,summer_recovery,21692.94,5206.31,0,0
2020-09-11,5,0,0,6,smartphones,0.19,summer_recovery,21543.39,4093.24,0,0
2020-09-12,6,1,0,12,accessories,0.26,summer_recovery,25033.81,6508.79,0,0
2020-09-13,0,1,0,12,IoT devices,0.25,summer_recovery,26219.81,6554.95,0,0
2020-09-14,1,0,0,5,accessories,0.3,summer_recovery,20079.02,6023.71,0,0
2020-09-15,2,0,0,5,smartphones,0.2,summer_recovery,19682.3,3936.46,0,0
2020-09-16,3,0,0,7,IoT devices,0.23,summer_recovery,22311.83,5131.72,0,0
2020-09-17,4,0,0,6,smartphones,0.2,summer_recovery,22857.42,4571.48,0,0
2020-09-18,5,0,0,9,fiber packages,0.27,summer_recovery,20873.31,5635.79,0,0
2020-09-19,6,1,0,15,accessories,0.29,summer_recovery,26745.95,7756.33,0,0
2020-09-20,0,1,0,12,IoT devices,0.23,summer_recovery,26887.61,6184.15,0,0
2020-09-21,1,0,0,5,IoT devices,0.21,summer_recovery,20374.34,4278.61,0,0
2020-09-22,2,0,0,4,accessories,0.27,summer_recovery,18189.16,4911.07,0,0
2020-09-23,3,0,0,9,smartphones,0.17,summer_recovery,21607.58,3673.29,0,0
2020-09-24,4,0,0,9,IoT devices,0.24,summer_recovery,20636.75,4952.82,0,0
2020-09-25,5,0,0,9,IoT devices,0.24,summer_recovery,20736.56,4976.77,0,0
2020-09-26,6,1,0,13,smartphones,0.17,summer_recovery,25405.81,4318.99,0,0
2020-09-27,0,1,0,11,smartphones,0.19,summer_recovery,25665.43,4876.43,0,0
2020-09-28,1,0,0,4,smartphones,0.17,summer_recovery,20470.37,3479.96,0,0
2020-09-29,2,0,0,4,accessories,0.29,summer_recovery,19540.68,5666.8,0,0
2020-09-30,3,0,0,7,accessories,0.26,summer_recovery,20771.05,5400.47,0,0
2020-10-01,4,0,0,7,accessories,0.27,baseline,23879.75,6447.53,0,0
2020-10-02,5,0,0,8,fiber packages,0.27,baseline,23375.31,6311.33,0,0
2020-10-03,6,1,0,14,IoT devices,0.21,baseline,28705.06,6028.06,0,0
2020-10-04,0,1,0,11,smartphones,0.16,baseline,28561.47,4569.84,0,0
2020-10-05,1,0,1,13,fiber packages,0.3,baseline,22029.18,6608.75,0,0
2020-10-06,2,0,0,5,smartphones,0.19,baseline,20733.95,3939.45,0,0
2020-10-07,3,0,0,8,fiber packages,0.28,baseline,24620.57,6893.76,0,0
2020-10-08,4,0,0,9,IoT devices,0.22,baseline,22803.24,5016.71,0,0
2020-10-09,5,0,0,8,smartphones,0.2,baseline,22842.02,4568.4,0,0
2020-10-10,6,1,0,14,IoT devices,0.22,baseline,28005.37,6161.18,0,0
2020-10-11,0,1,0,13,smartphones,0.19,baseline,28386.38,5393.41,0,0
2020-10-12,1,0,0,5,accessories,0.28,baseline,21998.52,6159.59,0,0
2020-10-13,2,0,0,4,smartphones,0.19,baseline,21259.49,4039.3,0,0
2020-10-14,3,0,0,6,fiber packages,0.3,baseline,22628.68,6788.6,0,0
2020-10-15,4,0,0,6,smartphones,0.2,baseline,23913.96,4782.79,0,0
2020-10-16,5,0,0,6,fiber packages,0.25,baseline,23208.16,5802.04,0,0
2020-10-17,6,1,0,10,IoT devices,0.23,baseline,27262.8,6270.44,0,0
2020-10-18,0,1,0,15,smartphones,0.16,baseline,29284.56,4685.53,0,0
2020-10-19,1,0,0,4,IoT devices,0.23,baseline,20435.41,4700.14,0,0
2020-10-20,2,0,0,4,accessories,0.28,baseline,21901.75,6132.49,0,0
2020-10-21,3,0,0,7,accessories,0.29,baseline,23642.33,6856.28,0,0
2020-10-22,4,0,0,9,smartphones,0.16,baseline,24387.45,3901.99,0,0
2020-10-23,5,0,0,9,smartphones,0.2,baseline,22509.73,4501.95,0,0
2020-10-24,6,1,0,12,accessories,0.26,baseline,28504.21,7411.09,0,0
2020-10-25,0,1,0,11,smartphones,0.16,baseline,26813.53,4290.16,0,0
2020-10-26,1,0,0,6,accessories,0.28,baseline,21940.3,6143.28,0,0
2020-10-27,2,0,0,6,IoT devices,0.2,baseline,21558.82,4311.76,0,0
2020-10-28,3,0,0,8,fiber packages,0.27,baseline,22992.52,6207.98,0,0
2020-10-29,4,0,0,8,smartphones,0.16,baseline,23644.15,3783.06,0,0
2020-10-30,5,0,0,8,IoT devices,0.22,baseline,22969.18,5053.22,0,0
2020-10-31,6,1,0,14,fiber packages,0.25,baseline,28569.15,7142.29,0,0
2020-11-01,0,1,1,15,smartphones,0.19,baseline,27804.53,5282.86,0,0
2020-11-02,1,0,0,4,fiber packages,0.27,baseline,20288.83,5477.98,0,0
2020-11-03,2,0,0,4,smartphones,0.17,baseline,22193.78,3772.94,0,0
2020-11-04,3,0,0,8,accessories,0.27,baseline,24246.82,6546.64,0,0
2020-11-05,4,0,0,7,IoT devices,0.2,baseline,23952.71,4790.54,0,0
2020-11-06,5,0,0,9,accessories,0.29,baseline,23448.62,6800.1,0,0
2020-11-07,6,1,0,12,IoT devices,0.24,baseline,27886.01,6692.64,0,0
2020-11-08,0,1,0,13,smartphones,0.16,baseline,27798.35,4447.74,0,0
2020-11-09,1,0,0,6,IoT devices,0.21,baseline,22086.97,4638.26,0,0
2020-11-10,2,0,0,4,accessories,0.3,baseline,21161.78,6348.53,0,0
2020-11-11,3,0,0,8,accessories,0.29,baseline,23908.04,6933.33,0,0
2020-11-12,4,0,0,6,accessories,0.27,baseline,23278.39,6285.17,0,0
2020-11-13,5,0,0,7,IoT devices,0.23,baseline,24071.45,5536.43,0,0
2020-11-14,6,1,0,15,accessories,0.26,baseline,27952.97,7267.77,0,0
2020-11-15,0,1,0,15,IoT devices,0.23,baseline,29467.39,6777.5,0,0
2020-11-16,1,0,0,5,IoT devices,0.22,baseline,20597.06,4531.35,0,0
2020-11-17,2,0,0,6,accessories,0.26,baseline,21505.88,5591.53,0,0
2020-11-18,3,0,0,7,IoT devices,0.22,baseline,24361.09,5359.44,0,0
2020-11-19,4,0,0,6,accessories,0.28,baseline,23973.45,6712.57,0,0
2020-11-20,5,0,0,6,accessories,0.28,baseline,23182.26,6491.03,0,0
2020-11-21,6,1,0,10,accessories,0.29,baseline,28912.59,8384.65,0,0
2020-11-22,0,1,0,11,accessories,0.27,baseline,27244.22,7355.94,0,0
2020-11-23,1,0,0,4,fiber packages,0.27,baseline,21986.57,5936.37,0,0
2020-11-24,2,0,0,5,smartphones,0.15,baseline,21231.3,3184.69,0,0
2020-11-25,3,0,0,9,smartphones,0.19,baseline,23020.22,4373.84,0,0
2020-11-26,4,0,0,9,IoT devices,0.22,baseline,24280.03,5341.61,0,0
2020-11-27,5,0,0,9,IoT devices,0.22,baseline,22493.66,4948.61,0,0
2020-11-28,6,1,0,11,fiber packages,0.28,baseline,26957.75,7548.17,0,0
2020-11-29,0,1,0,12,smartphones,0.18,black_friday,32200.73,5796.13,0,0
2020-11-30,1,0,0,6,accessories,0.25,baseline,21142.82,5285.7,0,0
2020-12-01,2,0,1,15,smartphones,0.18,baseline,22913.69,4124.46,0,0
2020-12-02,3,0,0,9,accessories,0.28,baseline,23491.9,6577.73,0,0
2020-12-03,4,0,0,8,accessories,0.28,baseline,23380.25,6546.47,0,0
2020-12-04,5,0,0,7,IoT devices,0.21,baseline,24583.07,5162.44,0,0
2020-12-05,6,1,0,12,fiber packages,0.28,baseline,27196.72,7615.08,0,0
2020-12-06,0,1,0,12,smartphones,0.18,baseline,28012.35,5042.22,0,0
2020-12-07,1,0,0,4,IoT devices,0.22,baseline,20365.02,4480.3,0,0
2020-12-08,2,0,1,13,accessories,0.29,baseline,21536.35,6245.54,0,0
2020-12-09,3,0,0,6,IoT devices,0.24,baseline,23727.33,5694.56,0,0
2020-12-10,4,0,0,6,IoT devices,0.2,baseline,22987.33,4597.47,0,0
2020-12-11,5,0,0,7,IoT devices,0.24,baseline,23367.96,5608.31,0,0
2020-12-12,6,1,0,11,smartphones,0.16,baseline,27694.61,4431.14,0,0
2020-12-13,0,1,0,13,smartphones,0.17,baseline,28837.85,4902.43,0,0
2020-12-14,1,0,0,6,smartphones,0.15,baseline,21030.36,3154.55,0,0
2020-12-15,2,0,0,5,smartphones,0.18,christmas_peak,33028.86,5945.19,0,1
2020-12-16,3,0,0,7,fiber packages,0.26,christmas_peak,36092.99,9384.18,0,1
2020-12-17,4,0,0,8,accessories,0.26,christmas_peak,34019.23,8845.0,0,1
2020-12-18,5,0,0,9,smartphones,0.19,christmas_peak,34240.15,6505.63,0,1
2020-12-19,6,1,0,10,fiber packages,0.27,christmas_peak,44500.0,12015.0,0,1
2020-12-20,0,1,0,14,fiber packages,0.28,christmas_peak,42328.05,11851.85,0,1
2020-12-21,1,0,0,4,fiber packages,0.27,christmas_peak,33984.67,9175.86,0,1
2020-12-22,2,0,0,5,IoT devices,0.24,christmas_peak,31965.22,7671.65,0,1
2020-12-23,3,0,0,6,accessories,0.25,christmas_peak,36553.23,9138.31,0,1
2020-12-24,4,0,0,6,accessories,0.28,christmas_peak,34624.95,9694.99,0,1
2020-12-25,5,0,1,0,IoT devices,0.0,store_closed,0.0,0.0,0,0
2020-12-26,6,1,0,12,fiber packages,0.3,baseline,27155.53,8146.66,0,0
2020-12-27,0,1,0,15,accessories,0.27,baseline,27184.15,7339.72,0,0
2020-12-28,1,0,0,5,accessories,0.29,baseline,20708.16,6005.37,0,0
2020-12-29,2,0,0,5,fiber packages,0.26,baseline,20593.69,5354.36,0,0
2020-12-30,3,0,0,8,smartphones,0.2,baseline,23642.31,4728.46,0,0
2020-12-31,4,0,0,7,smartphones,0.19,baseline,24501.62,4655.31,0,0
2021-01-01,5,0,1,0,smartphones,0.0,store_closed,0.0,0.0,0,0
2021-01-02,6,1,0,13,IoT devices,0.21,post_holiday_dip,25308.02,5314.68,0,0
2021-01-03,0,1,0,14,smartphones,0.16,post_holiday_dip,25679.25,4108.68,0,0
2021-01-04,1,0,0,5,accessories,0.29,post_holiday_dip,19892.21,5768.74,0,0
2021-01-05,2,0,0,4,accessories,0.26,post_holiday_dip,19007.54,4941.96,0,0
2021-01-06,3,0,0,8,smartphones,0.2,post_holiday_dip,21061.02,4212.2,0,0
2021-01-07,4,0,0,7,IoT devices,0.23,post_holiday_dip,21837.1,5022.53,0,0
2021-01-08,5,0,0,9,IoT devices,0.21,post_holiday_dip,22723.24,4771.88,0,0
2021-01-09,6,1,0,11,fiber packages,0.29,post_holiday_dip,25123.32,7285.76,0,0
2021-01-10,0,1,0,13,accessories,0.27,post_holiday_dip,25818.97,6971.12,0,0
2021-01-11,1,0,0,5,accessories,0.27,post_holiday_dip,19232.64,5192.81,0,0
2021-01-12,2,0,0,4,IoT devices,0.21,post_holiday_dip,20282.05,4259.23,0,0
2021-01-13,3,0,0,7,IoT devices,0.22,post_holiday_dip,22626.53,4977.84,0,0
2021-01-14,4,0,0,9,fiber packages,0.29,post_holiday_dip,21091.87,6116.64,0,0
2021-01-15,5,0,0,9,fiber packages,0.26,post_holiday_dip,20905.63,5435.46,0,0
2021-01-16,6,1,0,14,fiber packages,0.26,post_holiday_dip,25477.05,6624.03,0,0
2021-01-17,0,1,0,12,accessories,0.26,post_holiday_dip,26126.07,6792.78,0,0
2021-01-18,1,0,0,6,fiber packages,0.25,post_holiday_dip,18951.68,4737.92,0,0
2021-01-19,2,0,0,5,IoT devices,0.24,post_holiday_dip,20001.19,4800.29,0,0
2021-01-20,3,0,0,6,IoT devices,0.2,post_holiday_dip,22215.83,4443.17,0,0
2021-01-21,4,0,0,8,fiber packages,0.27,post_holiday_dip,22470.87,6067.13,0,0
2021-01-22,5,0,0,8,accessories,0.29,post_holiday_dip,20982.85,6085.03,0,0
2021-01-23,6,1,0,14,smartphones,0.16,post_holiday_dip,25022.62,4003.62,0,0
2021-01-24,0,1,0,12,IoT devices,0.24,post_holiday_dip,25068.43,6016.42,0,0
2021-01-25,1,0,0,5,IoT devices,0.24,post_holiday_dip,18852.7,4524.65,0,0
2021-01-26,2,0,0,4,IoT devices,0.23,post_holiday_dip,19797.17,4553.35,0,0
2021-01-27,3,0,0,9,accessories,0.28,post_holiday_dip,22440.02,6283.21,0,0
2021-01-28,4,0,0,6,accessories,0.29,post_holiday_dip,22018.31,6385.31,0,0
2021-01-29,5,0,0,8,fiber packages,0.26,post_holiday_dip,22535.02,5859.11,0,0
2021-01-30,6,1,0,11,fiber packages,0.27,post_holiday_dip,26475.22,7148.31,0,0
2021-01-31,0,1,0,12,accessories,0.28,post_holiday_dip,26678.7,7470.04,0,0
2021-02-01,1,0,0,5,fiber packages,0.28,baseline,22176.34,6209.38,0,0
2021-02-02,2,0,0,4,smartphones,0.18,baseline,21555.78,3880.04,0,0
2021-02-03,3,0,0,7,fiber packages,0.26,baseline,24628.81,6403.49,0,0
2021-02-04,4,0,0,6,fiber packages,0.25,baseline,24380.04,6095.01,0,0
2021-02-05,5,0,0,6,smartphones,0.18,baseline,24614.75,4430.65,0,0
2021-02-06,6,1,0,15,fiber packages,0.25,baseline,28990.54,7247.64,0,0
2021-02-07,0,1,0,14,IoT devices,0.24,baseline,28360.12,6806.43,0,0
2021-02-08,1,0,0,6,smartphones,0.16,baseline,22176.51,3548.24,0,0
2021-02-09,2,0,0,6,accessories,0.27,baseline,22333.1,6029.94,0,0
2021-02-10,3,0,0,9,IoT devices,0.22,baseline,24129.18,5308.42,0,0
2021-02-11,4,0,0,6,accessories,0.27,baseline,23184.16,6259.72,0,0
2021-02-12,5,0,0,8,smartphones,0.18,baseline,23400.95,4212.17,0,0
2021-02-13,6,1,0,11,IoT devices,0.25,baseline,29361.53,7340.38,0,0
2021-02-14,0,1,0,13,fiber packages,0.28,baseline,29021.9,8126.13,0,0
2021-02-15,1,0,0,6,smartphones,0.18,baseline,22774.99,4099.5,0,0
2021-02-16,2,0,0,6,fiber packages,0.3,baseline,21185.32,6355.6,0,0
2021-02-17,3,0,0,9,IoT devices,0.2,baseline,24822.84,4964.57,0,0
2021-02-18,4,0,0,9,accessories,0.26,baseline,23842.07,6198.94,0,0
2021-02-19,5,0,0,8,accessories,0.26,baseline,23136.35,6015.45,0,0
2021-02-20,6,1,0,14,accessories,0.27,baseline,29748.66,8032.14,0,0
2021-02-21,0,1,0,13,fiber packages,0.27,baseline,28035.22,7569.51,0,0
2021-02-22,1,0,0,4,fiber packages,0.26,baseline,22557.02,5864.83,0,0
2021-02-23,2,0,0,6,fiber packages,0.26,baseline,21001.63,5460.42,0,0
2021-02-24,3,0,0,9,accessories,0.3,baseline,24560.15,7368.05,0,0
2021-02-25,4,0,0,7,fiber packages,0.28,baseline,23596.19,6606.93,0,0
2021-02-26,5,0,0,7,smartphones,0.15,baseline,24481.14,3672.17,0,0
2021-02-27,6,1,0,12,IoT devices,0.24,baseline,27683.86,6644.13,0,0
2021-02-28,0,1,0,11,IoT devices,0.2,baseline,29591.81,5918.36,0,0
2021-03-01,1,0,0,6,smartphones,0.19,baseline,21614.0,4106.66,0,0
2021-03-02,2,0,0,5,accessories,0.26,baseline,21125.09,5492.52,0,0
2021-03-03,3,0,0,8,IoT devices,0.24,baseline,24385.27,5852.46,0,0
2021-03-04,4,0,0,6,fiber packages,0.26,baseline,25007.59,6501.97,0,0
2021-03-05,5,0,0,7,accessories,0.26,baseline,23384.39,6079.94,0,0
2021-03-06,6,1,0,14,IoT devices,0.24,baseline,27951.24,6708.3,0,0
2021-03-07,0,1,0,13,fiber packages,0.25,baseline,28695.82,7173.95,0,0
2021-03-08,1,0,0,5,fiber packages,0.25,baseline,21753.87,5438.47,0,0
2021-03-09,2,0,0,5,IoT devices,0.23,baseline,22698.06,5220.55,0,0
2021-03-10,3,0,0,6,fiber packages,0.26,baseline,23366.73,6075.35,0,0
2021-03-11,4,0,0,9,fiber packages,0.27,baseline,23295.39,6289.76,0,0
2021-03-12,5,0,0,9,smartphones,0.17,baseline,25016.95,4252.88,0,0
2021-03-13,6,1,0,14,fiber packages,0.28,baseline,29623.69,8294.63,0,0
2021-03-14,0,1,0,15,fiber packages,0.29,baseline,30297.48,8786.27,0,0
2021-03-15,1,0,0,6,accessories,0.28,baseline,22329.45,6252.25,0,0
2021-03-16,2,0,0,4,IoT devices,0.21,baseline,22199.82,4661.96,0,0
2021-03-17,3,0,0,7,accessories,0.27,baseline,25245.98,6816.41,0,0
2021-03-18,4,0,0,6,IoT devices,0.21,baseline,25061.05,5262.82,0,0
2021-03-19,5,0,0,8,accessories,0.29,baseline,24071.32,6980.68,0,0
2021-03-20,6,1,0,10,IoT devices,0.21,baseline,27941.38,5867.69,0,0
2021-03-21,0,1,0,10,fiber packages,0.26,baseline,27967.5,7271.55,0,0
2021-03-22,1,0,0,6,IoT devices,0.22,baseline,21824.85,4801.47,0,0
2021-03-23,2,0,0,6,IoT devices,0.23,baseline,22121.88,5088.03,0,0
2021-03-24,3,0,0,6,fiber packages,0.26,baseline,23249.88,6044.97,0,0
2021-03-25,4,0,0,6,smartphones,0.19,baseline,23380.6,4442.31,0,0
2021-03-26,5,0,0,7,accessories,0.29,baseline,23559.28,6832.19,0,0
2021-03-27,6,1,0,15,accessories,0.26,baseline,29400.46,7644.12,0,0
2021-03-28,0,1,0,13,fiber packages,0.27,baseline,28134.02,7596.19,0,0
2021-03-29,1,0,0,5,smartphones,0.19,easter_week,25672.68,4877.81,1,0
2021-03-30,2,0,0,5,accessories,0.27,easter_week,26170.57,7066.05,1,0
2021-03-31,3,0,0,6,smartphones,0.16,easter_week,28117.53,4498.8,1,0
2021-04-01,4,0,0,7,accessories,0.28,easter_week,26466.18,7410.53,1,0
2021-04-02,5,0,1,12,IoT devices,0.25,easter_week,29914.93,7478.73,1,0
2021-04-03,6,1,0,15,accessories,0.27,easter_week,34278.92,9255.31,1,0
2021-04-04,0,1,0,10,fiber packages,0.29,easter_week,32347.85,9380.88,1,0
2021-04-05,1,0,0,6,IoT devices,0.25,baseline,22025.43,5506.36,0,0
2021-04-06,2,0,0,5,accessories,0.26,baseline,22025.1,5726.53,0,0
2021-04-07,3,0,0,7,smartphones,0.19,baseline,24388.75,4633.86,0,0
2021-04-08,4,0,0,6,smartphones,0.15,baseline,23491.06,3523.66,0,0
2021-04-09,5,0,0,6,accessories,0.25,baseline,23441.71,5860.43,0,0
2021-04-10,6,1,0,15,fiber packages,0.27,baseline,28379.15,7662.37,0,0
2021-04-11,0,1,0,14,fiber packages,0.28,baseline,29924.14,8378.76,0,0
2021-04-12,1,0,0,6,smartphones,0.2,baseline,22770.56,4554.11,0,0
2021-04-13,2,0,0,5,fiber packages,0.25,baseline,21576.57,5394.14,0,0
2021-04-14,3,0,0,8,accessories,0.25,baseline,25150.55,6287.64,0,0
2021-04-15,4,0,0,9,smartphones,0.17,baseline,23169.36,3938.79,0,0
2021-04-16,5,0,0,6,IoT devices,0.23,baseline,25361.0,5833.03,0,0
2021-04-17,6,1,0,15,fiber packages,0.26,baseline,30064.5,7816.77,0,0
2021-04-18,0,1,0,13,fiber packages,0.29,baseline,28464.21,8254.62,0,0
2021-04-19,1,0,0,4,accessories,0.27,baseline,21813.13,5889.55,0,0
2021-04-20,2,0,0,4,smartphones,0.15,baseline,21551.25,3232.69,0,0
2021-04-21,3,0,0,6,accessories,0.27,baseline,24578.89,6636.3,0,0
2021-04-22,4,0,0,8,smartphones,0.18,baseline,23444.69,4220.04,0,0
2021-04-23,5,0,0,6,fiber packages,0.27,baseline,24164.44,6524.4,0,0
2021-04-24,6,1,0,12,smartphones,0.15,baseline,28676.16,4301.42,0,0
2021-04-25,0,1,1,10,smartphones,0.17,baseline,28397.44,4827.56,0,0
2021-04-26,1,0,0,4,accessories,0.28,baseline,21130.39,5916.51,0,0
2021-04-27,2,0,0,5,fiber packages,0.26,baseline,22073.51,5739.11,0,0
2021-04-28,3,0,0,7,IoT devices,0.23,baseline,24593.03,5656.4,0,0
2021-04-29,4,0,0,9,fiber packages,0.29,baseline,24275.61,7039.93,0,0
2021-04-30,5,0,0,6,IoT devices,0.21,baseline,23633.15,4962.96,0,0
2021-05-01,6,1,1,15,smartphones,0.19,baseline,28217.02,5361.23,0,0
2021-05-02,0,1,0,13,smartphones,0.18,baseline,27639.28,4975.07,0,0
2021-05-03,1,0,0,6,smartphones,0.16,baseline,22480.3,3596.85,0,0
2021-05-04,2,0,0,4,fiber packages,0.26,baseline,20928.84,5441.5,0,0
2021-05-05,3,0,0,8,smartphones,0.2,baseline,23553.77,4710.75,0,0
2021-05-06,4,0,0,9,IoT devices,0.24,baseline,24686.47,5924.75,0,0
2021-05-07,5,0,0,7,smartphones,0.18,baseline,23427.61,4216.97,0,0
2021-05-08,6,1,0,13,accessories,0.26,baseline,29755.6,7736.46,0,0
2021-05-09,0,1,0,14,smartphones,0.2,baseline,28465.92,5693.18,0,0
2021-05-10,1,0,0,5,fiber packages,0.29,baseline,22335.09,6477.18,0,0
2021-05-11,2,0,0,6,accessories,0.27,baseline,21607.08,5833.91,0,0
2021-05-12,3,0,0,7,fiber packages,0.3,baseline,23748.23,7124.47,0,0
2021-05-13,4,0,0,6,IoT devices,0.21,baseline,24821.47,5212.51,0,0
2021-05-14,5,0,0,8,IoT devices,0.23,baseline,24444.44,5622.22,0,0
2021-05-15,6,1,0,13,fiber packages,0.28,baseline,29718.44,8321.16,0,0
2021-05-16,0,1,0,14,accessories,0.26,baseline,28259.63,7347.5,0,0
2021-05-17,1,0,0,4,IoT devices,0.23,baseline,21367.26,4914.47,0,0
2021-05-18,2,0,0,4,smartphones,0.19,baseline,22362.38,4248.85,0,0
2021-05-19,3,0,0,9,IoT devices,0.23,baseline,23810.99,5476.53,0,0
2021-05-20,4,0,0,6,accessories,0.28,baseline,23805.8,6665.62,0,0
2021-05-21,5,0,0,7,fiber packages,0.26,baseline,23065.23,5996.96,0,0
2021-05-22,6,1,0,11,fiber packages,0.26,baseline,29302.12,7618.55,0,0
2021-05-23,0,1,0,14,IoT devices,0.21,baseline,28852.97,6059.12,0,0
2021-05-24,1,0,0,4,accessories,0.28,baseline,21010.04,5882.81,0,0
2021-05-25,2,0,0,6,smartphones,0.17,baseline,22399.8,3807.97,0,0
2021-05-26,3,0,0,7,accessories,0.3,baseline,23614.29,7084.29,0,0
2021-05-27,4,0,0,8,accessories,0.29,baseline,24120.71,6995.01,0,0
2021-05-28,5,0,0,9,fiber packages,0.26,baseline,24769.72,6440.13,0,0
2021-05-29,6,1,0,11,IoT devices,0.24,baseline,29249.8,7019.95,0,0
2021-05-30,0,1,0,11,fiber packages,0.27,baseline,28892.36,7800.94,0,0
2021-05-31,1,0,0,5,smartphones,0.16,baseline,22489.28,3598.28,0,0
2021-06-01,2,0,0,5,accessories,0.28,baseline,22852.08,6398.58,0,0
2021-06-02,3,0,0,8,smartphones,0.17,baseline,23685.96,4026.61,0,0
2021-06-03,4,0,1,15,IoT devices,0.22,baseline,24872.58,5471.97,0,0
2021-06-04,5,0,0,6,accessories,0.26,baseline,24024.6,6246.4,0,0
2021-06-05,6,1,0,15,IoT devices,0.2,baseline,29243.19,5848.64,0,0
2021-06-06,0,1,0,11,accessories,0.26,baseline,30283.49,7873.71,0,0
2021-06-07,1,0,0,6,smartphones,0.15,baseline,21580.97,3237.15,0,0
2021-06-08,2,0,0,6,IoT devices,0.23,baseline,21937.17,5045.55,0,0
2021-06-09,3,0,0,9,accessories,0.29,baseline,24366.87,7066.39,0,0
2021-06-10,4,0,1,15,accessories,0.27,baseline,25410.0,6860.7,0,0
2021-06-11,5,0,0,8,accessories,0.26,baseline,24712.61,6425.28,0,0
2021-06-12,6,1,0,10,smartphones,0.17,baseline,28497.4,4844.56,0,0
2021-06-13,0,1,0,11,fiber packages,0.26,baseline,28156.28,7320.63,0,0
2021-06-14,1,0,0,5,IoT devices,0.23,baseline,21460.43,4935.9,0,0
2021-06-15,2,0,0,5,IoT devices,0.2,baseline,21284.79,4256.96,0,0
2021-06-16,3,0,0,8,fiber packages,0.28,baseline,24872.55,6964.31,0,0
2021-06-17,4,0,0,7,accessories,0.26,baseline,23696.62,6161.12,0,0
2021-06-18,5,0,0,8,IoT devices,0.22,baseline,23060.83,5073.38,0,0
2021-06-19,6,1,0,14,smartphones,0.19,baseline,29907.04,5682.34,0,0
2021-06-20,0,1,0,14,accessories,0.29,baseline,28445.83,8249.29,0,0
2021-06-21,1,0,0,4,IoT devices,0.21,baseline,22248.0,4672.08,0,0
2021-06-22,2,0,0,5,smartphones,0.17,baseline,22462.35,3818.6,0,0
2021-06-23,3,0,0,9,IoT devices,0.22,baseline,25296.56,5565.24,0,0
2021-06-24,4,0,1,13,smartphones,0.16,baseline,25464.02,4074.24,0,0
2021-06-25,5,0,0,7,accessories,0.3,baseline,24863.13,7458.94,0,0
2021-06-26,6,1,0,11,smartphones,0.16,baseline,28830.67,4612.91,0,0
2021-06-27,0,1,0,12,smartphones,0.15,baseline,29649.01,4447.35,0,0
2021-06-28,1,0,0,6,accessories,0.26,baseline,21095.76,5484.9,0,0
2021-06-29,2,0,0,6,accessories,0.29,baseline,21024.22,6097.02,0,0
2021-06-30,3,0,0,8,smartphones,0.19,baseline,24785.01,4709.15,0,0
2021-07-01,4,0,0,8,fiber packages,0.29,summer_dip,23667.78,6863.66,0,0
2021-07-02,5,0,0,7,fiber packages,0.3,summer_dip,22591.62,6777.49,0,0
2021-07-03,6,1,0,14,accessories,0.29,summer_dip,27434.44,7955.99,0,0
2021-07-04,0,1,0,11,IoT devices,0.24,summer_dip,27266.48,6543.96,0,0
2021-07-05,1,0,0,6,smartphones,0.19,summer_dip,19743.69,3751.3,0,0
2021-07-06,2,0,0,6,smartphones,0.16,summer_dip,19025.71,3044.11,0,0
2021-07-07,3,0,0,8,fiber packages,0.29,summer_dip,22294.31,6465.35,0,0
2021-07-08,4,0,0,6,smartphones,0.15,summer_dip,23733.84,3560.08,0,0
2021-07-09,5,0,0,6,accessories,0.26,summer_dip,23093.26,6004.25,0,0
2021-07-10,6,1,0,10,IoT devices,0.25,summer_dip,28316.27,7079.07,0,0
2021-07-11,0,1,0,12,smartphones,0.19,summer_dip,25621.05,4868.0,0,0
2021-07-12,1,0,0,5,accessories,0.28,summer_dip,20530.22,5748.46,0,0
2021-07-13,2,0,0,6,smartphones,0.2,summer_dip,20661.26,4132.25,0,0
2021-07-14,3,0,0,9,IoT devices,0.21,summer_dip,21964.83,4612.61,0,0
2021-07-15,4,0,0,6,smartphones,0.18,summer_dip,21951.58,3951.28,0,0
2021-07-16,5,0,0,8,accessories,0.26,summer_dip,22052.79,5733.73,0,0
2021-07-17,6,1,0,12,accessories,0.27,summer_dip,28328.73,7648.76,0,0
2021-07-18,0,1,0,12,accessories,0.27,summer_dip,28106.59,7588.78,0,0
2021-07-19,1,0,0,5,accessories,0.28,summer_dip,19711.3,5519.16,0,0
2021-07-20,2,0,0,6,smartphones,0.18,summer_dip,19928.47,3587.12,0,0
2021-07-21,3,0,0,6,accessories,0.28,summer_dip,21755.01,6091.4,0,0
2021-07-22,4,0,0,7,IoT devices,0.2,summer_dip,22795.86,4559.17,0,0
2021-07-23,5,0,0,9,smartphones,0.18,summer_dip,22939.15,4129.05,0,0
2021-07-24,6,1,0,12,smartphones,0.15,summer_dip,26175.53,3926.33,0,0
2021-07-25,0,1,0,11,accessories,0.26,summer_dip,27665.21,7192.95,0,0
2021-07-26,1,0,0,5,fiber packages,0.28,summer_dip,21047.07,5893.18,0,0
2021-07-27,2,0,0,5,fiber packages,0.29,summer_dip,19433.79,5635.8,0,0
2021-07-28,3,0,0,6,smartphones,0.2,summer_dip,23004.79,4600.96,0,0
2021-07-29,4,0,0,8,smartphones,0.17,summer_dip,22047.5,3748.08,0,0
2021-07-30,5,0,0,8,IoT devices,0.25,summer_dip,21042.51,5260.63,0,0
2021-07-31,6,1,0,13,accessories,0.28,summer_dip,26291.44,7361.6,0,0
2021-08-01,0,1,0,10,smartphones,0.17,summer_dip,23840.57,4052.9,0,0
2021-08-02,1,0,0,4,smartphones,0.19,summer_dip,16741.26,3180.84,0,0
2021-08-03,2,0,0,4,accessories,0.28,summer_dip,18175.06,5089.02,0,0
2021-08-04,3,0,0,8,fiber packages,0.26,summer_dip,19045.37,4951.8,0,0
2021-08-05,4,0,0,6,fiber packages,0.26,summer_dip,19527.74,5077.21,0,0
2021-08-06,5,0,0,6,IoT devices,0.2,summer_dip,19809.49,3961.9,0,0
2021-08-07,6,1,0,13,IoT devices,0.2,summer_dip,22970.29,4594.06,0,0
2021-08-08,0,1,0,12,IoT devices,0.24,summer_dip,22399.86,5375.97,0,0
2021-08-09,1,0,0,6,accessories,0.28,summer_dip,17506.96,4901.95,0,0
2021-08-10,2,0,0,4,accessories,0.3,summer_dip,18001.0,5400.3,0,0
2021-08-11,3,0,0,8,IoT devices,0.23,summer_dip,19643.71,4518.05,0,0
2021-08-12,4,0,0,8,IoT devices,0.22,summer_dip,19285.23,4242.75,0,0
2021-08-13,5,0,0,9,IoT devices,0.21,summer_dip,19616.57,4119.48,0,0
2021-08-14,6,1,0,15,IoT devices,0.23,summer_dip,22905.1,5268.17,0,0
2021-08-15,0,1,1,14,fiber packages,0.25,summer_dip,23071.14,5767.78,0,0
2021-08-16,1,0,0,5,IoT devices,0.2,summer_dip,17562.3,3512.46,0,0
2021-08-17,2,0,0,5,accessories,0.28,summer_dip,18057.34,5056.06,0,0
2021-08-18,3,0,0,7,accessories,0.26,summer_dip,19721.51,5127.59,0,0
2021-08-19,4,0,0,6,accessories,0.26,summer_dip,18508.05,4812.09,0,0
2021-08-20,5,0,0,9,accessories,0.26,summer_dip,18744.7,4873.62,0,0
2021-08-21,6,1,0,15,accessories,0.25,summer_dip,23993.84,5998.46,0,0
2021-08-22,0,1,0,13,accessories,0.3,summer_dip,23410.94,7023.28,0,0
2021-08-23,1,0,0,5,accessories,0.3,summer_dip,18117.18,5435.15,0,0
2021-08-24,2,0,0,4,fiber packages,0.27,summer_dip,17063.58,4607.17,0,0
2021-08-25,3,0,0,8,fiber packages,0.29,summer_dip,18420.97,5342.08,0,0
2021-08-26,4,0,0,7,IoT devices,0.2,summer_dip,18779.06,3755.81,0,0
2021-08-27,5,0,0,7,accessories,0.25,summer_dip,19506.58,4876.65,0,0
2021-08-28,6,1,0,14,accessories,0.25,summer_dip,22098.53,5524.63,0,0
2021-08-29,0,1,0,11,smartphones,0.16,summer_dip,22305.69,3568.91,0,0
2021-08-30,1,0,0,4,accessories,0.29,summer_dip,17876.52,5184.19,0,0
2021-08-31,2,0,0,4,IoT devices,0.23,summer_dip,17945.18,4127.39,0,0
2021-09-01,3,0,0,9,fiber packages,0.25,summer_recovery,21188.29,5297.07,0,0
2021-09-02,4,0,0,7,fiber packages,0.27,summer_recovery,21776.47,5879.65,0,0
2021-09-03,5,0,0,7,accessories,0.26,summer_recovery,23205.05,6033.31,0,0
2021-09-04,6,1,0,11,fiber packages,0.25,summer_recovery,25093.58,6273.4,0,0
2021-09-05,0,1,0,10,accessories,0.28,summer_recovery,26254.23,7351.18,0,0
2021-09-06,1,0,0,6,smartphones,0.15,summer_recovery,19895.16,2984.27,0,0
2021-09-07,2,0,0,6,IoT devices,0.2,summer_recovery,19957.03,3991.41,0,0
2021-09-08,3,0,0,8,IoT devices,0.22,summer_recovery,21935.4,4825.79,0,0
2021-09-09,4,0,0,8,IoT devices,0.21,summer_recovery,23183.23,4868.48,0,0
2021-09-10,5,0,0,9,IoT devices,0.22,summer_recovery,21671.15,4767.65,0,0
2021-09-11,6,1,0,15,IoT devices,0.23,summer_recovery,27150.99,6244.73,0,0
2021-09-12,0,1,0,10,accessories,0.26,summer_recovery,26409.11,6866.37,0,0
2021-09-13,1,0,0,6,accessories,0.27,summer_recovery,19273.87,5203.94,0,0
2021-09-14,2,0,0,6,accessories,0.29,summer_recovery,19831.56,5751.15,0,0
2021-09-15,3,0,0,8,smartphones,0.17,summer_recovery,21352.7,3629.96,0,0
2021-09-16,4,0,0,7,IoT devices,0.25,summer_recovery,23819.83,5954.96,0,0
2021-09-17,5,0,0,6,accessories,0.28,summer_recovery,22561.33,6317.17,0,0
2021-09-18,6,1,0,15,IoT devices,0.21,summer_recovery,25687.66,5394.41,0,0
2021-09-19,0,1,0,10,IoT devices,0.23,summer_recovery,28487.47,6552.12,0,0
2021-09-20,1,0,0,6,smartphones,0.17,summer_recovery,21057.8,3579.83,0,0
2021-09-21,2,0,0,4,IoT devices,0.24,summer_recovery,19804.37,4753.05,0,0
2021-09-22,3,0,0,7,accessories,0.27,summer_recovery,22659.49,6118.06,0,0
2021-09-23,4,0,0,7,accessories,0.28,summer_recovery,21926.6,6139.45,0,0
2021-09-24,5,0,0,8,fiber packages,0.3,summer_recovery,21964.62,6589.39,0,0
2021-09-25,6,1,0,10,smartphones,0.16,summer_recovery,28811.73,4609.88,0,0
2021-09-26,0,1,0,14,IoT devices,0.21,summer_recovery,28439.92,5972.38,0,0
2021-09-27,1,0,0,5,IoT devices,0.24,summer_recovery,19979.29,4795.03,0,0
2021-09-28,2,0,0,4,accessories,0.27,summer_recovery,20460.25,5524.27,0,0
2021-09-29,3,0,0,8,accessories,0.25,summer_recovery,21472.52,5368.13,0,0
2021-09-30,4,0,0,9,accessories,0.26,summer_recovery,22777.02,5922.03,0,0
2021-10-01,5,0,0,9,smartphones,0.2,baseline,24293.94,4858.79,0,0
2021-10-02,6,1,0,10,IoT devices,0.24,baseline,29582.31,7099.75,0,0
2021-10-03,0,1,0,14,accessories,0.27,baseline,29680.29,8013.68,0,0
2021-10-04,1,0,0,5,fiber packages,0.26,baseline,21210.42,5514.71,0,0
2021-10-05,2,0,1,13,fiber packages,0.3,baseline,22993.26,6897.98,0,0
2021-10-06,3,0,0,6,accessories,0.26,baseline,23294.19,6056.49,0,0
2021-10-07,4,0,0,6,accessories,0.29,baseline,24394.79,7074.49,0,0
2021-10-08,5,0,0,8,smartphones,0.16,baseline,24298.4,3887.74,0,0
2021-10-09,6,1,0,12,IoT devices,0.22,baseline,28979.66,6375.53,0,0
2021-10-10,0,1,0,10,IoT devices,0.25,baseline,29776.46,7444.11,0,0
2021-10-11,1,0,0,6,accessories,0.27,baseline,22747.89,6141.93,0,0
2021-10-12,2,0,0,6,IoT devices,0.24,baseline,21827.36,5238.57,0,0
2021-10-13,3,0,0,6,fiber packages,0.26,baseline,25207.52,6553.96,0,0
2021-10-14,4,0,0,6,IoT devices,0.22,baseline,24431.47,5374.92,0,0
2021-10-15,5,0,0,9,smartphones,0.15,baseline,24769.96,3715.49,0,0
2021-10-16,6,1,0,13,smartphones,0.15,baseline,27673.92,4151.09,0,0
2021-10-17,0,1,0,12,IoT devices,0.23,baseline,29878.16,6871.98,0,0
2021-10-18,1,0,0,6,fiber packages,0.28,baseline,21011.48,5883.21,0,0
2021-10-19,2,0,0,6,IoT devices,0.21,baseline,20890.22,4386.95,0,0
2021-10-20,3,0,0,9,smartphones,0.16,baseline,24579.89,3932.78,0,0
2021-10-21,4,0,0,9,fiber packages,0.27,baseline,24442.27,6599.41,0,0
2021-10-22,5,0,0,7,smartphones,0.16,baseline,23479.75,3756.76,0,0
2021-10-23,6,1,0,15,IoT devices,0.24,baseline,28217.65,6772.24,0,0
2021-10-24,0,1,0,15,accessories,0.26,baseline,28610.19,7438.65,0,0
2021-10-25,1,0,0,6,IoT devices,0.22,baseline,20891.95,4596.23,0,0
2021-10-26,2,0,0,4,smartphones,0.16,baseline,22852.69,3656.43,0,0
2021-10-27,3,0,0,8,smartphones,0.19,baseline,23848.71,4531.25,0,0
2021-10-28,4,0,0,7,IoT devices,0.22,baseline,24714.61,5437.21,0,0
2021-10-29,5,0,0,8,smartphones,0.19,baseline,24344.38,4625.43,0,0
2021-10-30,6,1,0,14,fiber packages,0.26,baseline,29209.83,7594.56,0,0
2021-10-31,0,1,0,15,smartphones,0.18,baseline,28311.75,5096.11,0,0
2021-11-01,1,0,1,13,fiber packages,0.27,baseline,23444.08,6329.9,0,0
2021-11-02,2,0,0,5,accessories,0.28,baseline,21542.21,6031.82,0,0
2021-11-03,3,0,0,6,IoT devices,0.21,baseline,23734.46,4984.24,0,0
2021-11-04,4,0,0,7,IoT devices,0.24,baseline,24360.11,5846.43,0,0
2021-11-05,5,0,0,8,IoT devices,0.24,baseline,23252.98,5580.72,0,0
2021-11-06,6,1,0,12,fiber packages,0.29,baseline,29180.61,8462.38,0,0
2021-11-07,0,1,0,15,accessories,0.26,baseline,27824.76,7234.44,0,0
2021-11-08,1,0,0,6,smartphones,0.17,baseline,21138.73,3593.58,0,0
2021-11-09,2,0,0,4,accessories,0.28,baseline,21636.36,6058.18,0,0
2021-11-10,3,0,0,7,IoT devices,0.24,baseline,23916.55,5739.97,0,0
2021-11-11,4,0,0,9,fiber packages,0.27,baseline,24324.74,6567.68,0,0
2021-11-12,5,0,0,7,fiber packages,0.26,baseline,24693.67,6420.35,0,0
2021-11-13,6,1,0,10,accessories,0.28,baseline,30245.34,8468.7,0,0
2021-11-14,0,1,0,11,fiber packages,0.26,baseline,27946.89,7266.19,0,0
2021-11-15,1,0,0,5,IoT devices,0.24,baseline,21905.58,5257.34,0,0
2021-11-16,2,0,0,4,accessories,0.25,baseline,22603.43,5650.86,0,0
2021-11-17,3,0,0,8,fiber packages,0.28,baseline,24576.51,6881.42,0,0
2021-11-18,4,0,0,7,fiber packages,0.27,baseline,23367.34,6309.18,0,0
2021-11-19,5,0,0,8,accessories,0.26,baseline,24997.57,6499.37,0,0
2021-11-20,6,1,0,14,fiber packages,0.29,baseline,28798.8,8351.65,0,0
2021-11-21,0,1,0,15,smartphones,0.17,baseline,28160.74,4787.33,0,0
2021-11-22,1,0,0,6,smartphones,0.19,baseline,22697.18,4312.46,0,0
2021-11-23,2,0,0,5,IoT devices,0.23,baseline,22128.39,5089.53,0,0
2021-11-24,3,0,0,9,IoT devices,0.23,baseline,25246.5,5806.7,0,0
2021-11-25,4,0,0,6,IoT devices,0.2,baseline,24221.06,4844.21,0,0
2021-11-26,5,0,0,7,IoT devices,0.22,baseline,23996.21,5279.17,0,0
2021-11-27,6,1,0,10,fiber packages,0.26,baseline,29604.9,7697.27,0,0
2021-11-28,0,1,0,13,fiber packages,0.3,black_friday,33982.77,10194.83,0,0
2021-11-29,1,0,0,6,IoT devices,0.21,baseline,21605.84,4537.23,0,0
2021-11-30,2,0,0,4,IoT devices,0.23,baseline,22353.5,5141.31,0,0
2021-12-01,3,0,1,12,IoT devices,0.21,baseline,24203.82,5082.8,0,0
2021-12-02,4,0,0,6,accessories,0.27,baseline,24726.0,6676.02,0,0
2021-12-03,5,0,0,6,smartphones,0.15,baseline,23208.23,3481.23,0,0
2021-12-04,6,1,0,13,fiber packages,0.25,baseline,27605.94,6901.48,0,0
2021-12-05,0,1,0,11,accessories,0.29,baseline,29959.56,8688.27,0,0
2021-12-06,1,0,0,4,fiber packages,0.27,baseline,21109.57,5699.58,0,0
2021-12-07,2,0,0,6,IoT devices,0.25,baseline,21307.86,5326.97,0,0
2021-12-08,3,0,1,13,IoT devices,0.23,baseline,26596.27,6117.14,0,0
2021-12-09,4,0,0,9,smartphones,0.17,baseline,23906.83,4064.16,0,0
2021-12-10,5,0,0,6,fiber packages,0.27,baseline,23532.53,6353.78,0,0
2021-12-11,6,1,0,12,smartphones,0.18,baseline,27622.65,4972.08,0,0
2021-12-12,0,1,0,11,accessories,0.29,baseline,29851.28,8656.87,0,0
2021-12-13,1,0,0,5,fiber packages,0.28,baseline,21504.89,6021.37,0,0
2021-12-14,2,0,0,6,smartphones,0.18,baseline,20779.33,3740.28,0,0
2021-12-15,3,0,0,6,smartphones,0.19,christmas_peak,38617.03,7337.24,0,1
2021-12-16,4,0,0,7,smartphones,0.17,christmas_peak,34091.43,5795.54,0,1
2021-12-17,5,0,0,9,accessories,0.29,christmas_peak,35004.47,10151.3,0,1
2021-12-18,6,1,0,13,smartphones,0.17,christmas_peak,42230.25,7179.14,0,1
2021-12-19,0,1,0,15,smartphones,0.19,christmas_peak,43530.74,8270.84,0,1
2021-12-20,1,0,0,5,smartphones,0.18,christmas_peak,30462.23,5483.2,0,1
2021-12-21,2,0,0,5,IoT devices,0.2,christmas_peak,33228.68,6645.74,0,1
2021-12-22,3,0,0,8,IoT devices,0.21,christmas_peak,35703.55,7497.75,0,1
2021-12-23,4,0,0,8,IoT devices,0.24,christmas_peak,35614.8,8547.55,0,1
2021-12-24,5,0,0,7,IoT devices,0.24,christmas_peak,37422.0,8981.28,0,1
2021-12-25,6,1,1,0,smartphones,0.0,store_closed,0.0,0.0,0,0
2021-12-26,0,1,0,10,IoT devices,0.22,baseline,29162.59,6415.77,0,0
2021-12-27,1,0,0,5,IoT devices,0.21,baseline,22532.53,4731.83,0,0
2021-12-28,2,0,0,5,smartphones,0.2,baseline,21225.28,4245.06,0,0
2021-12-29,3,0,0,6,accessories,0.28,baseline,23518.46,6585.17,0,0
2021-12-30,4,0,0,7,fiber packages,0.28,baseline,24078.12,6741.87,0,0
2021-12-31,5,0,0,6,smartphones,0.17,baseline,25054.86,4259.33,0,0
2022-01-01,6,1,1,0,IoT devices,0.0,store_closed,0.0,0.0,0,0
2022-01-02,0,1,0,10,fiber packages,0.27,post_holiday_dip,25590.27,6909.37,0,0
2022-01-03,1,0,0,5,fiber packages,0.29,post_holiday_dip,19637.27,5694.81,0,0
2022-01-04,2,0,0,5,fiber packages,0.26,post_holiday_dip,19849.64,5160.91,0,0
2022-01-05,3,0,0,9,fiber packages,0.28,post_holiday_dip,22965.44,6430.32,0,0
2022-01-06,4,0,0,7,IoT devices,0.22,post_holiday_dip,22023.51,4845.17,0,0
2022-01-07,5,0,0,7,IoT devices,0.23,post_holiday_dip,22674.98,5215.25,0,0
2022-01-08,6,1,0,10,fiber packages,0.26,post_holiday_dip,25797.73,6707.41,0,0
2022-01-09,0,1,0,13,accessories,0.29,post_holiday_dip,27778.76,8055.84,0,0
2022-01-10,1,0,0,5,accessories,0.29,post_holiday_dip,20466.6,5935.31,0,0
2022-01-11,2,0,0,5,accessories,0.28,post_holiday_dip,20230.41,5664.51,0,0
2022-01-12,3,0,0,8,fiber packages,0.28,post_holiday_dip,21657.16,6064.0,0,0
2022-01-13,4,0,0,8,smartphones,0.16,post_holiday_dip,21667.13,3466.74,0,0
2022-01-14,5,0,0,6,accessories,0.28,post_holiday_dip,21390.8,5989.42,0,0
2022-01-15,6,1,0,13,accessories,0.27,post_holiday_dip,27621.39,7457.78,0,0
2022-01-16,0,1,0,14,smartphones,0.18,post_holiday_dip,27853.26,5013.59,0,0
2022-01-17,1,0,0,4,accessories,0.3,post_holiday_dip,20141.6,6042.48,0,0
2022-01-18,2,0,0,6,fiber packages,0.26,post_holiday_dip,19182.72,4987.51,0,0
2022-01-19,3,0,0,7,IoT devices,0.25,post_holiday_dip,22611.11,5652.78,0,0
2022-01-20,4,0,0,7,IoT devices,0.23,post_holiday_dip,21967.4,5052.5,0,0
2022-01-21,5,0,0,9,smartphones,0.17,post_holiday_dip,23265.67,3955.16,0,0
2022-01-22,6,1,0,11,smartphones,0.19,post_holiday_dip,28219.11,5361.63,0,0
2022-01-23,0,1,0,15,accessories,0.3,post_holiday_dip,25780.89,7734.27,0,0
2022-01-24,1,0,0,5,accessories,0.28,post_holiday_dip,20942.02,5863.77,0,0
2022-01-25,2,0,0,5,accessories,0.28,post_holiday_dip,20026.59,5607.45,0,0
2022-01-26,3,0,0,7,accessories,0.26,post_holiday_dip,22841.01,5938.66,0,0
2022-01-27,4,0,0,6,accessories,0.26,post_holiday_dip,23235.78,6041.3,0,0
2022-01-28,5,0,0,6,fiber packages,0.28,post_holiday_dip,22713.86,6359.88,0,0
2022-01-29,6,1,0,13,smartphones,0.19,post_holiday_dip,27544.04,5233.37,0,0
2022-01-30,0,1,0,13,accessories,0.27,post_holiday_dip,25945.98,7005.41,0,0
2022-01-31,1,0,0,6,fiber packages,0.26,post_holiday_dip,19880.37,5168.9,0,0
2022-02-01,2,0,0,6,IoT devices,0.2,baseline,22778.42,4555.68,0,0
2022-02-02,3,0,0,8,fiber packages,0.29,baseline,25053.42,7265.49,0,0
2022-02-03,4,0,0,9,IoT devices,0.22,baseline,26012.81,5722.82,0,0
2022-02-04,5,0,0,8,accessories,0.28,baseline,25828.48,7231.97,0,0
2022-02-05,6,1,0,14,smartphones,0.18,baseline,30764.29,5537.57,0,0
2022-02-06,0,1,0,14,IoT devices,0.22,baseline,28784.84,6332.66,0,0
2022-02-07,1,0,0,6,smartphones,0.19,baseline,22210.92,4220.07,0,0
2022-02-08,2,0,0,6,fiber packages,0.3,baseline,21480.9,6444.27,0,0
2022-02-09,3,0,0,9,accessories,0.27,baseline,24248.94,6547.21,0,0
2022-02-10,4,0,0,6,smartphones,0.19,baseline,25309.17,4808.74,0,0
2022-02-11,5,0,0,9,IoT devices,0.22,baseline,24324.79,5351.45,0,0
2022-02-12,6,1,0,14,IoT devices,0.23,baseline,29938.49,6885.85,0,0
2022-02-13,0,1,0,10,accessories,0.25,baseline,29883.48,7470.87,0,0
2022-02-14,1,0,0,5,fiber packages,0.27,baseline,22278.04,6015.07,0,0
2022-02-15,2,0,0,4,smartphones,0.2,baseline,22630.12,4526.02,0,0
2022-02-16,3,0,0,6,fiber packages,0.27,baseline,24012.8,6483.46,0,0
2022-02-17,4,0,0,7,fiber packages,0.28,baseline,24197.81,6775.39,0,0
2022-02-18,5,0,0,6,accessories,0.27,baseline,25935.81,7002.67,0,0
2022-02-19,6,1,0,15,IoT devices,0.25,baseline,30071.51,7517.88,0,0
2022-02-20,0,1,0,11,IoT devices,0.22,baseline,28474.19,6264.32,0,0
2022-02-21,1,0,0,6,accessories,0.27,baseline,22274.52,6014.12,0,0
2022-02-22,2,0,0,4,fiber packages,0.28,baseline,22050.88,6174.25,0,0
2022-02-23,3,0,0,9,accessories,0.26,baseline,23971.7,6232.64,0,0
2022-02-24,4,0,0,8,fiber packages,0.29,baseline,24936.92,7231.71,0,0
2022-02-25,5,0,0,8,smartphones,0.16,baseline,25973.6,4155.78,0,0
2022-02-26,6,1,0,12,IoT devices,0.24,baseline,29178.77,7002.9,0,0
2022-02-27,0,1,0,11,fiber packages,0.29,baseline,29526.86,8562.79,0,0
2022-02-28,1,0,0,4,accessories,0.25,baseline,22242.7,5560.68,0,0
2022-03-01,2,0,0,6,IoT devices,0.2,baseline,22585.87,4517.17,0,0
2022-03-02,3,0,0,8,fiber packages,0.28,baseline,23989.43,6717.04,0,0
2022-03-03,4,0,0,6,smartphones,0.19,baseline,25270.15,4801.33,0,0
2022-03-04,5,0,0,8,IoT devices,0.21,baseline,25284.51,5309.75,0,0
2022-03-05,6,1,0,12,IoT devices,0.2,baseline,29476.01,5895.2,0,0
2022-03-06,0,1,0,10,accessories,0.29,baseline,29299.38,8496.82,0,0
2022-03-07,1,0,0,6,accessories,0.3,baseline,22646.65,6793.99,0,0
2022-03-08,2,0,0,4,fiber packages,0.25,baseline,23322.17,5830.54,0,0
2022-03-09,3,0,0,7,fiber packages,0.26,baseline,25642.14,6666.96,0,0
2022-03-10,4,0,0,9,smartphones,0.18,baseline,24344.79,4382.06,0,0
2022-03-11,5,0,0,8,smartphones,0.16,baseline,24729.78,3956.76,0,0
2022-03-12,6,1,0,15,IoT devices,0.22,baseline,28785.12,6332.73,0,0
2022-03-13,0,1,0,14,accessories,0.26,baseline,30735.84,7991.32,0,0
2022-03-14,1,0,0,4,accessories,0.28,baseline,23040.6,6451.37,0,0
2022-03-15,2,0,0,5,smartphones,0.18,baseline,21756.48,3916.17,0,0
2022-03-16,3,0,0,8,smartphones,0.19,baseline,25788.84,4899.88,0,0
2022-03-17,4,0,0,8,IoT devices,0.24,baseline,25285.45,6068.51,0,0
2022-03-18,5,0,0,8,smartphones,0.15,baseline,25781.48,3867.22,0,0
2022-03-19,6,1,0,15,accessories,0.25,baseline,30222.51,7555.63,0,0
2022-03-20,0,1,0,11,fiber packages,0.26,baseline,30086.94,7822.6,0,0
2022-03-21,1,0,0,4,accessories,0.26,baseline,22423.55,5830.12,0,0
2022-03-22,2,0,0,4,smartphones,0.16,baseline,23247.23,3719.56,0,0
2022-03-23,3,0,0,9,fiber packages,0.29,baseline,26020.82,7546.04,0,0
2022-03-24,4,0,0,6,IoT devices,0.23,baseline,24530.94,5642.12,0,0
2022-03-25,5,0,0,8,fiber packages,0.3,baseline,24192.76,7257.83,0,0
2022-03-26,6,1,0,13,accessories,0.26,baseline,31081.67,8081.23,0,0
2022-03-27,0,1,0,12,fiber packages,0.3,baseline,28403.19,8520.96,0,0
2022-03-28,1,0,0,6,accessories,0.28,baseline,21473.81,6012.67,0,0
2022-03-29,2,0,0,4,IoT devices,0.25,baseline,23439.99,5860.0,0,0
2022-03-30,3,0,0,6,IoT devices,0.2,baseline,25410.11,5082.02,0,0
2022-03-31,4,0,0,8,smartphones,0.18,baseline,24553.96,4419.71,0,0
2022-04-01,5,0,0,8,IoT devices,0.21,cyberattack_dip,23394.12,4912.77,0,0
2022-04-02,6,1,0,10,accessories,0.28,cyberattack_dip,28538.03,7990.65,0,0
2022-04-03,0,1,0,10,smartphones,0.17,cyberattack_dip,28200.54,4794.09,0,0
2022-04-04,1,0,0,5,fiber packages,0.26,cyberattack_dip,21372.32,5556.8,0,0
2022-04-05,2,0,0,5,smartphones,0.2,cyberattack_dip,22069.48,4413.9,0,0
2022-04-06,3,0,0,7,smartphones,0.18,cyberattack_dip,24577.55,4423.96,0,0
2022-04-07,4,0,0,7,IoT devices,0.23,cyberattack_dip,23972.35,5513.64,0,0
2022-04-08,5,0,0,6,accessories,0.25,cyberattack_dip,23277.84,5819.46,0,0
2022-04-09,6,1,0,13,IoT devices,0.23,cyberattack_dip,29706.06,6832.39,0,0
2022-04-10,0,1,0,15,IoT devices,0.21,cyberattack_dip,26984.34,5666.71,0,0
2022-04-11,1,0,0,5,smartphones,0.18,cyberattack_dip,25415.1,4574.72,1,0
2022-04-12,2,0,0,6,accessories,0.28,cyberattack_dip,23596.38,6606.99,1,0
2022-04-13,3,0,0,8,IoT devices,0.24,cyberattack_dip,26044.01,6250.56,1,0
2022-04-14,4,0,0,9,accessories,0.3,cyberattack_dip,26111.17,7833.35,1,0
2022-04-15,5,0,1,13,fiber packages,0.29,cyberattack_dip,28750.59,8337.67,1,0
2022-04-16,6,1,0,12,fiber packages,0.29,cyberattack_dip,32421.55,9402.25,1,0
2022-04-17,0,1,0,10,smartphones,0.16,cyberattack_dip,33091.13,5294.58,1,0
2022-04-18,1,0,0,6,accessories,0.27,cyberattack_dip,22264.45,6011.4,0,0
2022-04-19,2,0,0,5,smartphones,0.2,cyberattack_dip,21023.88,4204.78,0,0
2022-04-20,3,0,0,8,IoT devices,0.25,cyberattack_dip,23319.27,5829.82,0,0
2022-04-21,4,0,0,8,accessories,0.26,cyberattack_dip,23499.05,6109.75,0,0
2022-04-22,5,0,0,8,IoT devices,0.23,cyberattack_dip,23998.38,5519.63,0,0
2022-04-23,6,1,0,14,accessories,0.29,cyberattack_dip,28062.87,8138.23,0,0
2022-04-24,0,1,0,13,fiber packages,0.25,cyberattack_dip,28530.15,7132.54,0,0
2022-04-25,1,0,1,12,smartphones,0.18,cyberattack_dip,22697.79,4085.6,0,0
2022-04-26,2,0,0,5,fiber packages,0.27,cyberattack_dip,20392.14,5505.88,0,0
2022-04-27,3,0,0,7,smartphones,0.19,cyberattack_dip,24204.1,4598.78,0,0
2022-04-28,4,0,0,6,fiber packages,0.29,cyberattack_dip,22613.1,6557.8,0,0
2022-04-29,5,0,0,7,fiber packages,0.28,cyberattack_dip,24470.8,6851.82,0,0
2022-04-30,6,1,0,13,IoT devices,0.23,cyberattack_dip,29638.92,6816.95,0,0
2022-05-01,0,1,1,12,accessories,0.29,cyberattack_dip,28563.36,8283.37,0,0
2022-05-02,1,0,0,5,smartphones,0.15,cyberattack_dip,20934.29,3140.14,0,0
2022-05-03,2,0,0,6,accessories,0.27,cyberattack_dip,20951.32,5656.86,0,0
2022-05-04,3,0,0,6,IoT devices,0.25,cyberattack_dip,23305.0,5826.25,0,0
2022-05-05,4,0,0,9,accessories,0.26,cyberattack_dip,24824.48,6454.36,0,0
2022-05-06,5,0,0,6,accessories,0.29,cyberattack_dip,24707.73,7165.24,0,0
2022-05-07,6,1,0,14,accessories,0.27,cyberattack_dip,27537.51,7435.13,0,0
2022-05-08,0,1,0,15,smartphones,0.16,cyberattack_dip,29475.99,4716.16,0,0
2022-05-09,1,0,0,5,smartphones,0.16,cyberattack_dip,22225.82,3556.13,0,0
2022-05-10,2,0,0,5,smartphones,0.17,cyberattack_dip,21558.01,3664.86,0,0
2022-05-11,3,0,0,6,smartphones,0.18,cyberattack_dip,22867.34,4116.12,0,0
2022-05-12,4,0,0,6,accessories,0.26,cyberattack_dip,24556.4,6384.66,0,0
2022-05-13,5,0,0,8,accessories,0.27,cyberattack_dip,24643.68,6653.79,0,0
2022-05-14,6,1,0,12,fiber packages,0.27,cyberattack_dip,27401.25,7398.34,0,0
2022-05-15,0,1,0,11,fiber packages,0.27,cyberattack_dip,27930.98,7541.36,0,0
2022-05-16,1,0,0,5,fiber packages,0.26,cyberattack_dip,21538.65,5600.05,0,0
2022-05-17,2,0,0,5,fiber packages,0.26,cyberattack_dip,22092.68,5744.1,0,0
2022-05-18,3,0,0,7,smartphones,0.19,cyberattack_dip,24425.11,4640.77,0,0
2022-05-19,4,0,0,9,fiber packages,0.26,cyberattack_dip,23651.26,6149.33,0,0
2022-05-20,5,0,0,9,smartphones,0.2,cyberattack_dip,24159.87,4831.97,0,0
2022-05-21,6,1,0,13,smartphones,0.19,cyberattack_dip,28633.19,5440.31,0,0
2022-05-22,0,1,0,13,IoT devices,0.21,cyberattack_dip,28167.14,5915.1,0,0
2022-05-23,1,0,0,5,fiber packages,0.26,cyberattack_dip,22167.02,5763.43,0,0
2022-05-24,2,0,0,5,accessories,0.25,cyberattack_dip,22049.22,5512.31,0,0
2022-05-25,3,0,0,6,fiber packages,0.27,cyberattack_dip,22564.26,6092.35,0,0
2022-05-26,4,0,0,7,accessories,0.28,cyberattack_dip,23065.62,6458.37,0,0
2022-05-27,5,0,0,7,IoT devices,0.24,cyberattack_dip,24810.02,5954.4,0,0
2022-05-28,6,1,0,15,IoT devices,0.21,cyberattack_dip,27999.63,5879.92,0,0
2022-05-29,0,1,0,15,IoT devices,0.22,cyberattack_dip,29005.57,6381.23,0,0
2022-05-30,1,0,0,4,fiber packages,0.3,cyberattack_dip,20570.68,6171.2,0,0
2022-05-31,2,0,0,4,accessories,0.27,cyberattack_dip,21314.4,5754.89,0,0
2022-06-01,3,0,0,7,IoT devices,0.2,cyberattack_dip,23246.6,4649.32,0,0
2022-06-02,4,0,0,6,accessories,0.28,cyberattack_dip,24652.45,6902.69,0,0
2022-06-03,5,0,0,8,IoT devices,0.22,cyberattack_dip,22812.79,5018.81,0,0
2022-06-04,6,1,0,10,IoT devices,0.23,cyberattack_dip,28762.83,6615.45,0,0
2022-06-05,0,1,0,15,smartphones,0.16,cyberattack_dip,27693.36,4430.94,0,0
2022-06-06,1,0,0,5,IoT devices,0.22,cyberattack_dip,20284.38,4462.56,0,0
2022-06-07,2,0,0,6,accessories,0.26,cyberattack_dip,21628.63,5623.44,0,0
2022-06-08,3,0,0,7,smartphones,0.16,cyberattack_dip,24781.26,3965.0,0,0
2022-06-09,4,0,0,7,accessories,0.27,cyberattack_dip,22608.47,6104.29,0,0
2022-06-10,5,0,1,14,smartphones,0.19,cyberattack_dip,24912.42,4733.36,0,0
2022-06-11,6,1,0,14,accessories,0.28,cyberattack_dip,28910.72,8095.0,0,0
2022-06-12,0,1,0,15,smartphones,0.18,cyberattack_dip,29021.94,5223.95,0,0
2022-06-13,1,0,0,5,IoT devices,0.21,cyberattack_dip,22117.72,4644.72,0,0
2022-06-14,2,0,0,4,fiber packages,0.28,cyberattack_dip,20913.78,5855.86,0,0
2022-06-15,3,0,0,9,fiber packages,0.27,cyberattack_dip,24211.89,6537.21,0,0
2022-06-16,4,0,1,10,smartphones,0.19,cyberattack_dip,24511.8,4657.24,0,0
2022-06-17,5,0,0,9,smartphones,0.17,cyberattack_dip,24029.18,4084.96,0,0
2022-06-18,6,1,0,14,IoT devices,0.23,cyberattack_dip,28458.11,6545.37,0,0
2022-06-19,0,1,0,10,smartphones,0.16,cyberattack_dip,29392.44,4702.79,0,0
2022-06-20,1,0,0,5,IoT devices,0.23,cyberattack_dip,21441.45,4931.53,0,0
2022-06-21,2,0,0,6,accessories,0.26,cyberattack_dip,21968.77,5711.88,0,0
2022-06-22,3,0,0,6,smartphones,0.19,cyberattack_dip,23636.7,4490.97,0,0
2022-06-23,4,0,0,7,smartphones,0.15,cyberattack_dip,23757.38,3563.61,0,0
2022-06-24,5,0,1,10,accessories,0.29,cyberattack_dip,25414.75,7370.28,0,0
2022-06-25,6,1,0,10,accessories,0.26,cyberattack_dip,28460.24,7399.66,0,0
2022-06-26,0,1,0,15,IoT devices,0.23,cyberattack_dip,28498.89,6554.74,0,0
2022-06-27,1,0,0,5,smartphones,0.16,cyberattack_dip,21225.15,3396.02,0,0
2022-06-28,2,0,0,4,smartphones,0.2,cyberattack_dip,20703.17,4140.63,0,0
2022-06-29,3,0,0,8,IoT devices,0.22,cyberattack_dip,24343.93,5355.66,0,0
2022-06-30,4,0,0,6,IoT devices,0.23,cyberattack_dip,22957.48,5280.22,0,0
2022-07-01,5,0,0,8,smartphones,0.17,summer_dip,22278.58,3787.36,0,0
2022-07-02,6,1,0,15,IoT devices,0.21,summer_dip,29072.44,6105.21,0,0
2022-07-03,0,1,0,11,accessories,0.3,summer_dip,26478.99,7943.7,0,0
2022-07-04,1,0,0,6,smartphones,0.19,summer_dip,20401.22,3876.23,0,0
2022-07-05,2,0,0,5,smartphones,0.2,summer_dip,21386.53,4277.31,0,0
2022-07-06,3,0,0,7,IoT devices,0.24,summer_dip,21974.27,5273.82,0,0
2022-07-07,4,0,0,8,smartphones,0.17,summer_dip,23896.95,4062.48,0,0
2022-07-08,5,0,0,8,smartphones,0.16,summer_dip,23837.43,3813.99,0,0
2022-07-09,6,1,0,14,accessories,0.25,summer_dip,27776.19,6944.05,0,0
2022-07-10,0,1,0,10,accessories,0.28,summer_dip,28953.17,8106.89,0,0
2022-07-11,1,0,0,4,IoT devices,0.24,summer_dip,21538.73,5169.3,0,0
2022-07-12,2,0,0,4,smartphones,0.17,summer_dip,20550.08,3493.51,0,0
2022-07-13,3,0,0,8,fiber packages,0.28,summer_dip,23088.41,6464.75,0,0
2022-07-14,4,0,0,8,smartphones,0.17,summer_dip,23184.43,3941.35,0,0
2022-07-15,5,0,0,6,fiber packages,0.26,summer_dip,24614.18,6399.69,0,0
2022-07-16,6,1,0,13,accessories,0.25,summer_dip,28105.37,7026.34,0,0
2022-07-17,0,1,0,11,IoT devices,0.23,summer_dip,28628.75,6584.61,0,0
2022-07-18,1,0,0,6,smartphones,0.18,summer_dip,20672.57,3721.06,0,0
2022-07-19,2,0,0,6,fiber packages,0.3,summer_dip,20039.67,6011.9,0,0
2022-07-20,3,0,0,6,fiber packages,0.26,summer_dip,23845.65,6199.87,0,0
2022-07-21,4,0,0,8,accessories,0.3,summer_dip,23139.1,6941.73,0,0
2022-07-22,5,0,0,9,accessories,0.28,summer_dip,23940.56,6703.36,0,0
2022-07-23,6,1,0,14,smartphones,0.2,summer_dip,27228.51,5445.7,0,0
2022-07-24,0,1,0,15,fiber packages,0.25,summer_dip,26545.9,6636.48,0,0
2022-07-25,1,0,0,4,smartphones,0.17,summer_dip,20965.29,3564.1,0,0
2022-07-26,2,0,0,4,smartphones,0.17,summer_dip,21177.82,3600.23,0,0
2022-07-27,3,0,0,6,smartphones,0.15,summer_dip,23159.15,3473.87,0,0
2022-07-28,4,0,0,7,smartphones,0.16,summer_dip,22849.23,3655.88,0,0
2022-07-29,5,0,0,6,IoT devices,0.24,summer_dip,23463.27,5631.18,0,0
2022-07-30,6,1,0,12,accessories,0.29,summer_dip,28099.32,8148.8,0,0
2022-07-31,0,1,0,12,fiber packages,0.29,summer_dip,26072.22,7560.94,0,0
2022-08-01,1,0,0,4,accessories,0.26,summer_dip,18787.59,4884.77,0,0
2022-08-02,2,0,0,4,smartphones,0.17,summer_dip,18510.61,3146.8,0,0
2022-08-03,3,0,0,6,smartphones,0.19,summer_dip,19281.58,3663.5,0,0
2022-08-04,4,0,0,9,accessories,0.27,summer_dip,19937.07,5383.01,0,0
2022-08-05,5,0,0,6,smartphones,0.16,summer_dip,19527.5,3124.4,0,0
2022-08-06,6,1,0,15,IoT devices,0.22,summer_dip,23039.09,5068.6,0,0
2022-08-07,0,1,0,12,accessories,0.28,summer_dip,23067.34,6458.86,0,0
2022-08-08,1,0,0,4,fiber packages,0.26,summer_dip,17722.59,4607.87,0,0
2022-08-09,2,0,0,6,accessories,0.29,summer_dip,18804.7,5453.36,0,0
2022-08-10,3,0,0,8,fiber packages,0.27,summer_dip,20331.58,5489.53,0,0
2022-08-11,4,0,0,6,accessories,0.26,summer_dip,18977.17,4934.06,0,0
2022-08-12,5,0,0,7,smartphones,0.18,summer_dip,19949.51,3590.91,0,0
2022-08-13,6,1,0,14,smartphones,0.16,summer_dip,23021.76,3683.48,0,0
2022-08-14,0,1,0,15,smartphones,0.17,summer_dip,23611.05,4013.88,0,0
2022-08-15,1,0,1,10,smartphones,0.17,summer_dip,18231.05,3099.28,0,0
2022-08-16,2,0,0,6,accessories,0.27,summer_dip,18754.62,5063.75,0,0
2022-08-17,3,0,0,8,smartphones,0.2,summer_dip,19527.01,3905.4,0,0
2022-08-18,4,0,0,7,fiber packages,0.27,summer_dip,19742.34,5330.43,0,0
2022-08-19,5,0,0,6,fiber packages,0.3,summer_dip,20697.86,6209.36,0,0
2022-08-20,6,1,0,11,accessories,0.29,summer_dip,23984.19,6955.42,0,0
2022-08-21,0,1,0,13,IoT devices,0.22,summer_dip,23610.76,5194.37,0,0
2022-08-22,1,0,0,5,fiber packages,0.28,summer_dip,18487.82,5176.59,0,0
2022-08-23,2,0,0,6,accessories,0.3,summer_dip,17640.99,5292.3,0,0
2022-08-24,3,0,0,9,accessories,0.3,summer_dip,19988.59,5996.58,0,0
2022-08-25,4,0,0,9,fiber packages,0.26,summer_dip,20386.57,5300.51,0,0
2022-08-26,5,0,0,6,accessories,0.3,summer_dip,20535.81,6160.74,0,0
2022-08-27,6,1,0,12,accessories,0.29,summer_dip,24367.84,7066.67,0,0
2022-08-28,0,1,0,14,IoT devices,0.25,summer_dip,23520.63,5880.16,0,0
2022-08-29,1,0,0,6,accessories,0.26,summer_dip,18121.42,4711.57,0,0
2022-08-30,2,0,0,5,accessories,0.28,summer_dip,17620.46,4933.73,0,0
2022-08-31,3,0,0,7,smartphones,0.15,summer_dip,19669.87,2950.48,0,0
2022-09-01,4,0,0,6,accessories,0.29,summer_recovery,21627.27,6271.91,0,0
2022-09-02,5,0,0,7,fiber packages,0.28,summer_recovery,22307.2,6246.02,0,0
2022-09-03,6,1,0,15,smartphones,0.18,summer_recovery,25900.48,4662.09,0,0
2022-09-04,0,1,0,12,accessories,0.28,summer_recovery,28432.2,7961.02,0,0
2022-09-05,1,0,0,5,smartphones,0.18,summer_recovery,21196.71,3815.41,0,0
2022-09-06,2,0,0,6,accessories,0.3,summer_recovery,20802.45,6240.73,0,0
2022-09-07,3,0,0,9,smartphones,0.16,summer_recovery,24228.06,3876.49,0,0
2022-09-08,4,0,0,8,fiber packages,0.26,summer_recovery,23893.11,6212.21,0,0
2022-09-09,5,0,0,7,fiber packages,0.26,summer_recovery,23613.61,6139.54,0,0
2022-09-10,6,1,0,15,accessories,0.29,summer_recovery,26959.49,7818.25,0,0
2022-09-11,0,1,0,11,fiber packages,0.3,summer_recovery,26223.36,7867.01,0,0
2022-09-12,1,0,0,5,IoT devices,0.25,summer_recovery,20620.36,5155.09,0,0
2022-09-13,2,0,0,6,accessories,0.25,summer_recovery,20506.38,5126.6,0,0
2022-09-14,3,0,0,8,accessories,0.29,summer_recovery,23137.12,6709.76,0,0
2022-09-15,4,0,0,8,smartphones,0.17,summer_recovery,22407.72,3809.31,0,0
2022-09-16,5,0,0,8,fiber packages,0.29,summer_recovery,23684.9,6868.62,0,0
2022-09-17,6,1,0,15,smartphones,0.15,summer_recovery,27307.37,4096.11,0,0
2022-09-18,0,1,0,10,IoT devices,0.22,summer_recovery,26692.83,5872.42,0,0
2022-09-19,1,0,0,4,fiber packages,0.25,summer_recovery,21175.51,5293.88,0,0
2022-09-20,2,0,0,4,smartphones,0.17,summer_recovery,21038.55,3576.55,0,0
2022-09-21,3,0,0,7,IoT devices,0.21,summer_recovery,24035.75,5047.51,0,0
2022-09-22,4,0,0,9,accessories,0.26,summer_recovery,23076.58,5999.91,0,0
2022-09-23,5,0,0,9,smartphones,0.18,summer_recovery,22473.01,4045.14,0,0
2022-09-24,6,1,0,15,accessories,0.27,summer_recovery,26821.3,7241.75,0,0
2022-09-25,0,1,0,15,fiber packages,0.25,summer_recovery,27317.58,6829.4,0,0
2022-09-26,1,0,0,6,fiber packages,0.25,summer_recovery,21405.5,5351.38,0,0
2022-09-27,2,0,0,6,IoT devices,0.21,summer_recovery,20526.46,4310.56,0,0
2022-09-28,3,0,0,9,fiber packages,0.25,summer_recovery,22226.1,5556.52,0,0
2022-09-29,4,0,0,6,accessories,0.29,summer_recovery,24059.04,6977.12,0,0
2022-09-30,5,0,0,7,IoT devices,0.21,summer_recovery,22770.62,4781.83,0,0
2022-10-01,6,1,0,14,IoT devices,0.23,baseline,28863.48,6638.6,0,0
2022-10-02,0,1,0,10,accessories,0.29,baseline,29938.42,8682.14,0,0
2022-10-03,1,0,0,4,accessories,0.29,baseline,22031.75,6389.21,0,0
2022-10-04,2,0,0,6,accessories,0.3,baseline,23359.67,7007.9,0,0
2022-10-05,3,0,1,14,fiber packages,0.26,baseline,26955.14,7008.34,0,0
2022-10-06,4,0,0,7,IoT devices,0.22,baseline,25441.39,5597.11,0,0
2022-10-07,5,0,0,7,accessories,0.28,baseline,25264.69,7074.11,0,0
2022-10-08,6,1,0,14,fiber packages,0.25,baseline,28397.68,7099.42,0,0
2022-10-09,0,1,0,12,fiber packages,0.27,baseline,30406.51,8209.76,0,0
2022-10-10,1,0,0,4,fiber packages,0.3,baseline,22372.11,6711.63,0,0
2022-10-11,2,0,0,5,accessories,0.27,baseline,23199.28,6263.81,0,0
2022-10-12,3,0,0,7,fiber packages,0.26,baseline,25002.43,6500.63,0,0
2022-10-13,4,0,0,8,IoT devices,0.24,baseline,25255.67,6061.36,0,0
2022-10-14,5,0,0,8,smartphones,0.16,baseline,26106.57,4177.05,0,0
2022-10-15,6,1,0,12,accessories,0.3,baseline,29379.49,8813.85,0,0
2022-10-16,0,1,0,15,fiber packages,0.3,baseline,28488.11,8546.43,0,0
2022-10-17,1,0,0,6,IoT devices,0.23,baseline,23347.79,5369.99,0,0
2022-10-18,2,0,0,6,accessories,0.26,baseline,22076.26,5739.83,0,0
2022-10-19,3,0,0,7,IoT devices,0.22,baseline,24811.13,5458.45,0,0
2022-10-20,4,0,0,6,fiber packages,0.27,baseline,24548.22,6628.02,0,0
2022-10-21,5,0,0,7,IoT devices,0.2,baseline,25693.52,5138.7,0,0
2022-10-22,6,1,0,10,accessories,0.28,baseline,29180.17,8170.45,0,0
2022-10-23,0,1,0,10,smartphones,0.15,baseline,30019.26,4502.89,0,0
2022-10-24,1,0,0,6,fiber packages,0.29,baseline,22544.08,6537.78,0,0
2022-10-25,2,0,0,4,IoT devices,0.21,baseline,22424.98,4709.25,0,0
2022-10-26,3,0,0,7,IoT devices,0.24,baseline,24825.59,5958.14,0,0
2022-10-27,4,0,0,6,IoT devices,0.2,baseline,25420.15,5084.03,0,0
2022-10-28,5,0,0,6,accessories,0.27,baseline,25741.48,6950.2,0,0
2022-10-29,6,1,0,14,smartphones,0.19,baseline,29997.1,5699.45,0,0
2022-10-30,0,1,0,14,IoT devices,0.22,baseline,31282.47,6882.14,0,0
2022-10-31,1,0,0,4,fiber packages,0.27,baseline,22498.33,6074.55,0,0
2022-11-01,2,0,1,10,IoT devices,0.22,baseline,22980.19,5055.64,0,0
2022-11-02,3,0,0,6,fiber packages,0.27,baseline,23670.17,6390.95,0,0
2022-11-03,4,0,0,9,smartphones,0.16,baseline,24434.5,3909.52,0,0
2022-11-04,5,0,0,9,fiber packages,0.25,baseline,25033.26,6258.31,0,0
2022-11-05,6,1,0,14,smartphones,0.17,baseline,30976.02,5265.92,0,0
2022-11-06,0,1,0,14,smartphones,0.16,baseline,29420.0,4707.2,0,0
2022-11-07,1,0,0,5,accessories,0.25,baseline,23096.74,5774.19,0,0
2022-11-08,2,0,0,4,IoT devices,0.24,baseline,22157.45,5317.79,0,0
2022-11-09,3,0,0,7,smartphones,0.19,baseline,24218.82,4601.58,0,0
2022-11-10,4,0,0,6,fiber packages,0.29,baseline,25404.44,7367.29,0,0
2022-11-11,5,0,0,7,IoT devices,0.23,baseline,23725.2,5456.8,0,0
2022-11-12,6,1,0,10,IoT devices,0.23,baseline,30501.88,7015.43,0,0
2022-11-13,0,1,0,14,fiber packages,0.26,baseline,30521.93,7935.7,0,0
2022-11-14,1,0,0,4,IoT devices,0.24,baseline,23075.15,5538.04,0,0
2022-11-15,2,0,0,5,smartphones,0.19,baseline,22650.68,4303.63,0,0
2022-11-16,3,0,0,7,accessories,0.27,baseline,25413.46,6861.63,0,0
2022-11-17,4,0,0,8,smartphones,0.2,baseline,25150.98,5030.2,0,0
2022-11-18,5,0,0,6,IoT devices,0.21,baseline,25410.41,5336.19,0,0
2022-11-19,6,1,0,13,fiber packages,0.26,baseline,29938.53,7784.02,0,0
2022-11-20,0,1,0,13,accessories,0.3,baseline,29337.4,8801.22,0,0
2022-11-21,1,0,0,4,accessories,0.27,baseline,21312.79,5754.45,0,0
2022-11-22,2,0,0,5,fiber packages,0.26,baseline,21807.79,5670.03,0,0
2022-11-23,3,0,0,7,accessories,0.25,baseline,24167.44,6041.86,0,0
2022-11-24,4,0,0,6,smartphones,0.19,baseline,25830.67,4907.83,0,0
2022-11-25,5,0,0,8,IoT devices,0.22,baseline,25729.63,5660.52,0,0
2022-11-26,6,1,0,14,fiber packages,0.28,baseline,31227.08,8743.58,0,0
2022-11-27,0,1,0,14,accessories,0.28,black_friday,35391.35,9909.58,0,0
2022-11-28,1,0,0,5,IoT devices,0.24,baseline,21640.25,5193.66,0,0
2022-11-29,2,0,0,5,fiber packages,0.27,baseline,21738.05,5869.27,0,0
2022-11-30,3,0,0,9,accessories,0.25,baseline,25210.22,6302.56,0,0
2022-12-01,4,0,1,11,fiber packages,0.27,baseline,25445.25,6870.22,0,0
2022-12-02,5,0,0,9,smartphones,0.15,baseline,25799.36,3869.9,0,0
2022-12-03,6,1,0,13,fiber packages,0.28,baseline,29290.45,8201.33,0,0
2022-12-04,0,1,0,12,accessories,0.28,baseline,28530.12,7988.43,0,0
2022-12-05,1,0,0,4,smartphones,0.17,baseline,23479.06,3991.44,0,0
2022-12-06,2,0,0,6,IoT devices,0.25,baseline,22062.99,5515.75,0,0
2022-12-07,3,0,0,9,IoT devices,0.22,baseline,23811.36,5238.5,0,0
2022-12-08,4,0,1,10,IoT devices,0.23,baseline,25251.03,5807.74,0,0
2022-12-09,5,0,0,7,accessories,0.26,baseline,25649.03,6668.75,0,0
2022-12-10,6,1,0,12,accessories,0.29,baseline,30192.57,8755.85,0,0
2022-12-11,0,1,0,10,fiber packages,0.25,baseline,29868.08,7467.02,0,0
2022-12-12,1,0,0,6,fiber packages,0.25,baseline,22721.26,5680.31,0,0
2022-12-13,2,0,0,6,smartphones,0.16,baseline,23231.09,3716.97,0,0
2022-12-14,3,0,0,9,accessories,0.29,baseline,23949.97,6945.49,0,0
2022-12-15,4,0,0,7,fiber packages,0.27,christmas_peak,41156.76,11112.33,0,1
2022-12-16,5,0,0,9,smartphones,0.15,christmas_peak,33921.4,5088.21,0,1
2022-12-17,6,1,0,12,fiber packages,0.26,christmas_peak,43241.23,11242.72,0,1
2022-12-18,0,1,0,15,fiber packages,0.25,christmas_peak,42996.45,10749.11,0,1
2022-12-19,1,0,0,4,fiber packages,0.29,christmas_peak,34973.03,10142.18,0,1
2022-12-20,2,0,0,6,fiber packages,0.3,christmas_peak,31714.7,9514.41,0,1
2022-12-21,3,0,0,6,accessories,0.29,christmas_peak,35655.93,10340.22,0,1
2022-12-22,4,0,0,9,IoT devices,0.25,christmas_peak,37870.72,9467.68,0,1
2022-12-23,5,0,0,6,accessories,0.28,christmas_peak,38718.36,10841.14,0,1
2022-12-24,6,1,0,14,fiber packages,0.28,christmas_peak,40831.06,11432.7,0,1
2022-12-25,0,1,1,0,smartphones,0.0,store_closed,0.0,0.0,0,0
2022-12-26,1,0,0,4,smartphones,0.2,baseline,23117.65,4623.53,0,0
2022-12-27,2,0,0,4,smartphones,0.2,baseline,21922.93,4384.59,0,0
2022-12-28,3,0,0,7,IoT devices,0.23,baseline,24189.15,5563.5,0,0
2022-12-29,4,0,0,7,smartphones,0.17,baseline,25290.06,4299.31,0,0
2022-12-30,5,0,0,7,accessories,0.29,baseline,25256.78,7324.47,0,0
2022-12-31,6,1,0,14,accessories,0.28,baseline,29413.17,8235.69,0,0
2023-01-01,0,1,1,0,fiber packages,0.0,store_closed,0.0,0.0,0,0
2023-01-02,1,0,0,6,IoT devices,0.22,post_holiday_dip,21253.55,4675.78,0,0
2023-01-03,2,0,0,6,fiber packages,0.27,post_holiday_dip,20855.6,5631.01,0,0
2023-01-04,3,0,0,6,IoT devices,0.22,post_holiday_dip,23622.7,5196.99,0,0
2023-01-05,4,0,0,7,IoT devices,0.2,post_holiday_dip,22515.21,4503.04,0,0
2023-01-06,5,0,0,9,fiber packages,0.28,post_holiday_dip,24031.2,6728.74,0,0
2023-01-07,6,1,0,14,accessories,0.29,post_holiday_dip,28023.44,8126.8,0,0
2023-01-08,0,1,0,13,fiber packages,0.26,post_holiday_dip,28538.18,7419.93,0,0
2023-01-09,1,0,0,4,IoT devices,0.22,post_holiday_dip,19971.25,4393.68,0,0
2023-01-10,2,0,0,6,IoT devices,0.24,post_holiday_dip,20838.98,5001.36,0,0
2023-01-11,3,0,0,8,fiber packages,0.28,post_holiday_dip,22113.07,6191.66,0,0
2023-01-12,4,0,0,7,accessories,0.3,post_holiday_dip,22928.93,6878.68,0,0
2023-01-13,5,0,0,7,smartphones,0.18,post_holiday_dip,24164.84,4349.67,0,0
2023-01-14,6,1,0,14,smartphones,0.16,post_holiday_dip,26371.11,4219.38,0,0
2023-01-15,0,1,0,10,fiber packages,0.27,post_holiday_dip,28058.96,7575.92,0,0
2023-01-16,1,0,0,5,smartphones,0.16,post_holiday_dip,21644.86,3463.18,0,0
2023-01-17,2,0,0,4,accessories,0.29,post_holiday_dip,20117.97,5834.21,0,0
2023-01-18,3,0,0,7,smartphones,0.19,post_holiday_dip,22735.61,4319.77,0,0
2023-01-19,4,0,0,8,accessories,0.29,post_holiday_dip,23199.28,6727.79,0,0
2023-01-20,5,0,0,8,smartphones,0.17,post_holiday_dip,22831.06,3881.28,0,0
2023-01-21,6,1,0,15,smartphones,0.16,post_holiday_dip,27323.02,4371.68,0,0
2023-01-22,0,1,0,15,IoT devices,0.22,post_holiday_dip,28779.34,6331.45,0,0
2023-01-23,1,0,0,5,smartphones,0.18,post_holiday_dip,21205.01,3816.9,0,0
2023-01-24,2,0,0,5,IoT devices,0.21,post_holiday_dip,19910.12,4181.13,0,0
2023-01-25,3,0,0,7,smartphones,0.16,post_holiday_dip,23530.1,3764.82,0,0
2023-01-26,4,0,0,6,IoT devices,0.23,post_holiday_dip,23567.39,5420.5,0,0
2023-01-27,5,0,0,6,fiber packages,0.28,post_holiday_dip,22149.19,6201.77,0,0
2023-01-28,6,1,0,12,accessories,0.29,post_holiday_dip,28916.56,8385.8,0,0
2023-01-29,0,1,0,12,fiber packages,0.29,post_holiday_dip,28849.86,8366.46,0,0
2023-01-30,1,0,0,4,accessories,0.3,post_holiday_dip,20970.99,6291.3,0,0
2023-01-31,2,0,0,4,smartphones,0.19,post_holiday_dip,21577.15,4099.66,0,0
2023-02-01,3,0,0,9,IoT devices,0.24,baseline,25792.23,6190.14,0,0
2023-02-02,4,0,0,7,accessories,0.3,baseline,24391.62,7317.49,0,0
2023-02-03,5,0,0,7,IoT devices,0.22,baseline,25259.28,5557.04,0,0
2023-02-04,6,1,0,10,fiber packages,0.28,baseline,29907.72,8374.16,0,0
2023-02-05,0,1,0,15,accessories,0.26,baseline,32208.71,8374.26,0,0
2023-02-06,1,0,0,4,accessories,0.27,baseline,22610.25,6104.77,0,0
2023-02-07,2,0,0,5,smartphones,0.18,baseline,22136.54,3984.58,0,0
2023-02-08,3,0,0,6,accessories,0.29,baseline,24976.25,7243.11,0,0
2023-02-09,4,0,0,7,fiber packages,0.28,baseline,24508.61,6862.41,0,0
2023-02-10,5,0,0,6,accessories,0.29,baseline,24609.57,7136.78,0,0
2023-02-11,6,1,0,15,smartphones,0.16,baseline,29217.63,4674.82,0,0
2023-02-12,0,1,0,14,smartphones,0.15,baseline,30365.73,4554.86,0,0
2023-02-13,1,0,0,6,smartphones,0.2,baseline,21920.15,4384.03,0,0
2023-02-14,2,0,0,4,fiber packages,0.29,baseline,23451.37,6800.9,0,0
2023-02-15,3,0,0,6,IoT devices,0.25,baseline,26579.89,6644.97,0,0
2023-02-16,4,0,0,7,accessories,0.27,baseline,25392.86,6856.07,0,0
2023-02-17,5,0,0,7,fiber packages,0.26,baseline,25639.47,6666.26,0,0
2023-02-18,6,1,0,12,accessories,0.26,baseline,30123.52,7832.12,0,0
2023-02-19,0,1,0,15,smartphones,0.19,baseline,30413.91,5778.64,0,0
2023-02-20,1,0,0,5,fiber packages,0.26,baseline,21951.36,5707.35,0,0
2023-02-21,2,0,0,5,accessories,0.27,baseline,22051.89,5954.01,0,0
2023-02-22,3,0,0,8,smartphones,0.18,baseline,24619.85,4431.57,0,0
2023-02-23,4,0,0,7,accessories,0.26,baseline,26143.81,6797.39,0,0
2023-02-24,5,0,0,9,IoT devices,0.22,baseline,25362.63,5579.78,0,0
2023-02-25,6,1,0,10,smartphones,0.16,baseline,30832.37,4933.18,0,0
2023-02-26,0,1,0,13,smartphones,0.15,baseline,30423.62,4563.54,0,0
2023-02-27,1,0,0,6,smartphones,0.19,baseline,22726.79,4318.09,0,0
2023-02-28,2,0,0,6,accessories,0.25,baseline,23254.08,5813.52,0,0
2023-03-01,3,0,0,6,IoT devices,0.22,baseline,24697.3,5433.41,0,0
2023-03-02,4,0,0,9,fiber packages,0.28,baseline,25691.51,7193.62,0,0
2023-03-03,5,0,0,7,smartphones,0.2,baseline,25030.63,5006.13,0,0
2023-03-04,6,1,0,10,fiber packages,0.29,baseline,32028.23,9288.19,0,0
2023-03-05,0,1,0,13,fiber packages,0.25,baseline,29627.53,7406.88,0,0
2023-03-06,1,0,0,6,accessories,0.29,baseline,22370.38,6487.41,0,0
2023-03-07,2,0,0,5,accessories,0.27,baseline,22749.68,6142.41,0,0
2023-03-08,3,0,0,7,IoT devices,0.21,baseline,25307.16,5314.5,0,0
2023-03-09,4,0,0,8,fiber packages,0.25,baseline,25483.02,6370.76,0,0
2023-03-10,5,0,0,6,fiber packages,0.29,baseline,24457.94,7092.8,0,0
2023-03-11,6,1,0,14,fiber packages,0.29,baseline,31032.8,8999.51,0,0
2023-03-12,0,1,0,12,smartphones,0.19,baseline,31381.94,5962.57,0,0
2023-03-13,1,0,0,4,fiber packages,0.25,baseline,23313.72,5828.43,0,0
2023-03-14,2,0,0,5,fiber packages,0.26,baseline,23716.06,6166.18,0,0
2023-03-15,3,0,0,9,fiber packages,0.27,baseline,26439.29,7138.61,0,0
2023-03-16,4,0,0,9,accessories,0.28,baseline,24917.65,6976.94,0,0
2023-03-17,5,0,0,9,fiber packages,0.3,baseline,24542.76,7362.83,0,0
2023-03-18,6,1,0,10,fiber packages,0.27,baseline,30027.27,8107.36,0,0
2023-03-19,0,1,0,10,accessories,0.26,baseline,31948.99,8306.74,0,0
2023-03-20,1,0,0,4,IoT devices,0.22,baseline,21946.22,4828.17,0,0
2023-03-21,2,0,0,6,accessories,0.27,baseline,22403.3,6048.89,0,0
2023-03-22,3,0,0,9,smartphones,0.18,baseline,25982.9,4676.92,0,0
2023-03-23,4,0,0,6,smartphones,0.18,baseline,24877.36,4477.92,0,0
2023-03-24,5,0,0,6,smartphones,0.17,baseline,25787.16,4383.82,0,0
2023-03-25,6,1,0,10,accessories,0.26,baseline,29454.0,7658.04,0,0
2023-03-26,0,1,0,11,smartphones,0.2,baseline,30965.79,6193.16,0,0
2023-03-27,1,0,0,4,IoT devices,0.23,baseline,22344.97,5139.34,0,0
2023-03-28,2,0,0,6,smartphones,0.18,baseline,22425.72,4036.63,0,0
2023-03-29,3,0,0,6,IoT devices,0.23,baseline,25410.87,5844.5,0,0
2023-03-30,4,0,0,7,smartphones,0.18,baseline,26861.06,4834.99,0,0
2023-03-31,5,0,0,8,fiber packages,0.26,baseline,26317.1,6842.45,0,0
2023-04-01,6,1,0,14,fiber packages,0.29,baseline,29607.61,8586.21,0,0
2023-04-02,0,1,0,14,accessories,0.29,baseline,31450.47,9120.64,0,0
2023-04-03,1,0,0,5,accessories,0.29,easter_week,25282.52,7331.93,1,0
2023-04-04,2,0,0,6,accessories,0.25,easter_week,26721.51,6680.38,1,0
2023-04-05,3,0,0,6,fiber packages,0.26,easter_week,28871.88,7506.69,1,0
2023-04-06,4,0,0,6,fiber packages,0.28,easter_week,30096.57,8427.04,1,0
2023-04-07,5,0,1,15,accessories,0.25,easter_week,30683.46,7670.86,1,0
2023-04-08,6,1,0,10,accessories,0.3,easter_week,33988.66,10196.6,1,0
2023-04-09,0,1,0,11,accessories,0.27,easter_week,34345.99,9273.42,1,0
2023-04-10,1,0,0,6,IoT devices,0.22,baseline,23879.01,5253.38,0,0
2023-04-11,2,0,0,5,smartphones,0.17,baseline,22541.07,3831.98,0,0
2023-04-12,3,0,0,7,fiber packages,0.3,baseline,25829.28,7748.78,0,0
2023-04-13,4,0,0,6,smartphones,0.2,baseline,26449.96,5289.99,0,0
2023-04-14,5,0,0,8,smartphones,0.18,baseline,26352.42,4743.44,0,0
2023-04-15,6,1,0,11,fiber packages,0.28,baseline,31093.43,8706.16,0,0
2023-04-16,0,1,0,15,smartphones,0.17,baseline,31031.79,5275.4,0,0
2023-04-17,1,0,0,4,IoT devices,0.23,baseline,22693.34,5219.47,0,0
2023-04-18,2,0,0,6,accessories,0.3,baseline,24090.6,7227.18,0,0
2023-04-19,3,0,0,7,accessories,0.27,baseline,26357.85,7116.62,0,0
2023-04-20,4,0,0,8,fiber packages,0.26,baseline,25445.65,6615.87,0,0
2023-04-21,5,0,0,7,IoT devices,0.21,baseline,25938.64,5447.11,0,0
2023-04-22,6,1,0,10,IoT devices,0.23,baseline,29259.45,6729.67,0,0
2023-04-23,0,1,0,12,accessories,0.26,baseline,30291.73,7875.85,0,0
2023-04-24,1,0,0,6,accessories,0.27,baseline,23081.04,6231.88,0,0
2023-04-25,2,0,1,12,fiber packages,0.27,baseline,25063.03,6767.02,0,0
2023-04-26,3,0,0,7,IoT devices,0.2,baseline,25076.95,5015.39,0,0
2023-04-27,4,0,0,7,smartphones,0.17,baseline,25978.37,4416.32,0,0
2023-04-28,5,0,0,6,smartphones,0.19,baseline,26574.11,5049.08,0,0
2023-04-29,6,1,0,11,IoT devices,0.24,baseline,29948.13,7187.55,0,0
2023-04-30,0,1,0,12,IoT devices,0.24,baseline,31255.55,7501.33,0,0
2023-05-01,1,0,1,12,fiber packages,0.26,baseline,24933.85,6482.8,0,0
2023-05-02,2,0,0,5,fiber packages,0.27,baseline,24034.36,6489.28,0,0
2023-05-03,3,0,0,6,accessories,0.29,baseline,25569.57,7415.18,0,0
2023-05-04,4,0,0,7,smartphones,0.19,baseline,26025.36,4944.82,0,0
2023-05-05,5,0,0,9,IoT devices,0.23,baseline,25479.33,5860.25,0,0
2023-05-06,6,1,0,15,IoT devices,0.22,baseline,30110.92,6624.4,0,0
2023-05-07,0,1,0,10,smartphones,0.19,baseline,30696.03,5832.25,0,0
2023-05-08,1,0,0,4,fiber packages,0.28,baseline,22790.38,6381.31,0,0
2023-05-09,2,0,0,4,smartphones,0.2,baseline,22522.7,4504.54,0,0
2023-05-10,3,0,0,6,smartphones,0.16,baseline,26732.2,4277.15,0,0
2023-05-11,4,0,0,7,smartphones,0.18,baseline,26144.4,4705.99,0,0
2023-05-12,5,0,0,7,accessories,0.25,baseline,25768.17,6442.04,0,0
2023-05-13,6,1,0,12,accessories,0.28,baseline,31694.02,8874.33,0,0
2023-05-14,0,1,0,14,fiber packages,0.25,baseline,32051.23,8012.81,0,0
2023-05-15,1,0,0,6,IoT devices,0.21,baseline,22865.13,4801.68,0,0
2023-05-16,2,0,0,5,accessories,0.26,baseline,24005.87,6241.53,0,0
2023-05-17,3,0,0,6,fiber packages,0.27,baseline,25025.2,6756.8,0,0
2023-05-18,4,0,0,6,IoT devices,0.22,baseline,25613.96,5635.07,0,0
2023-05-19,5,0,0,6,IoT devices,0.22,baseline,26663.89,5866.06,0,0
2023-05-20,6,1,0,15,IoT devices,0.22,baseline,30325.96,6671.71,0,0
2023-05-21,0,1,0,15,fiber packages,0.27,baseline,30157.29,8142.47,0,0
2023-05-22,1,0,0,6,accessories,0.3,baseline,24015.26,7204.58,0,0
2023-05-23,2,0,0,4,accessories,0.29,baseline,22614.01,6558.06,0,0
2023-05-24,3,0,0,6,accessories,0.28,baseline,26229.77,7344.34,0,0
2023-05-25,4,0,0,8,accessories,0.25,baseline,26714.01,6678.5,0,0
2023-05-26,5,0,0,6,fiber packages,0.28,baseline,26655.39,7463.51,0,0
2023-05-27,6,1,0,10,accessories,0.26,baseline,31886.43,8290.47,0,0
2023-05-28,0,1,0,13,fiber packages,0.25,baseline,30696.05,7674.01,0,0
2023-05-29,1,0,0,6,smartphones,0.19,baseline,22974.38,4365.13,0,0
2023-05-30,2,0,0,4,IoT devices,0.22,baseline,23318.79,5130.13,0,0
2023-05-31,3,0,0,9,IoT devices,0.2,baseline,26289.5,5257.9,0,0
2023-06-01,4,0,0,8,smartphones,0.16,baseline,26022.92,4163.67,0,0
2023-06-02,5,0,0,8,accessories,0.29,baseline,25467.84,7385.67,0,0
2023-06-03,6,1,0,12,fiber packages,0.26,baseline,29674.26,7715.31,0,0
2023-06-04,0,1,0,15,fiber packages,0.28,baseline,32083.42,8983.36,0,0
2023-06-05,1,0,0,4,accessories,0.28,baseline,23818.63,6669.22,0,0
2023-06-06,2,0,0,5,fiber packages,0.28,baseline,23428.94,6560.1,0,0
2023-06-07,3,0,0,6,smartphones,0.2,baseline,26339.55,5267.91,0,0
2023-06-08,4,0,1,11,accessories,0.27,baseline,26074.68,7040.16,0,0
2023-06-09,5,0,0,8,fiber packages,0.29,baseline,25078.16,7272.67,0,0
2023-06-10,6,1,1,11,fiber packages,0.28,baseline,29446.36,8244.98,0,0
2023-06-11,0,1,0,13,accessories,0.28,baseline,30608.74,8570.45,0,0
2023-06-12,1,0,0,4,smartphones,0.17,baseline,23003.41,3910.58,0,0
2023-06-13,2,0,0,5,accessories,0.27,baseline,21984.21,5935.74,0,0
2023-06-14,3,0,0,6,fiber packages,0.29,baseline,25004.76,7251.38,0,0
2023-06-15,4,0,0,7,smartphones,0.16,baseline,26583.26,4253.32,0,0
2023-06-16,5,0,0,7,smartphones,0.19,baseline,25164.43,4781.24,0,0
2023-06-17,6,1,0,10,smartphones,0.17,baseline,29729.64,5054.04,0,0
2023-06-18,0,1,0,13,accessories,0.29,baseline,31917.59,9256.1,0,0
2023-06-19,1,0,0,6,IoT devices,0.24,baseline,22871.6,5489.18,0,0
2023-06-20,2,0,0,4,IoT devices,0.21,baseline,23733.99,4984.14,0,0
2023-06-21,3,0,0,9,IoT devices,0.25,baseline,25033.11,6258.28,0,0
2023-06-22,4,0,0,8,accessories,0.26,baseline,26753.9,6956.01,0,0
2023-06-23,5,0,0,9,smartphones,0.17,baseline,24969.87,4244.88,0,0
2023-06-24,6,1,1,13,accessories,0.25,baseline,32133.26,8033.31,0,0
2023-06-25,0,1,0,13,smartphones,0.15,baseline,29906.07,4485.91,0,0
2023-06-26,1,0,0,5,smartphones,0.18,baseline,22247.03,4004.47,0,0
2023-06-27,2,0,0,6,fiber packages,0.28,baseline,23222.51,6502.3,0,0
2023-06-28,3,0,0,7,IoT devices,0.22,baseline,24545.49,5400.01,0,0
2023-06-29,4,0,0,8,smartphones,0.18,baseline,25130.52,4523.49,0,0
2023-06-30,5,0,0,9,smartphones,0.19,baseline,24795.61,4711.17,0,0
2023-07-01,6,1,0,14,accessories,0.26,summer_dip,27600.36,7176.09,0,0
2023-07-02,0,1,0,14,accessories,0.26,summer_dip,28990.86,7537.62,0,0
2023-07-03,1,0,0,5,fiber packages,0.27,summer_dip,21057.89,5685.63,0,0
2023-07-04,2,0,0,6,fiber packages,0.3,summer_dip,22166.99,6650.1,0,0
2023-07-05,3,0,0,8,fiber packages,0.27,summer_dip,24110.4,6509.81,0,0
2023-07-06,4,0,0,9,accessories,0.28,summer_dip,23166.78,6486.7,0,0
2023-07-07,5,0,0,7,IoT devices,0.21,summer_dip,24420.66,5128.34,0,0
2023-07-08,6,1,0,12,IoT devices,0.21,summer_dip,28389.72,5961.84,0,0
2023-07-09,0,1,0,13,fiber packages,0.26,summer_dip,28939.51,7524.27,0,0
2023-07-10,1,0,0,4,accessories,0.28,summer_dip,20556.4,5755.79,0,0
2023-07-11,2,0,0,5,IoT devices,0.2,summer_dip,22096.99,4419.4,0,0
2023-07-12,3,0,0,7,smartphones,0.18,summer_dip,22672.59,4081.07,0,0
2023-07-13,4,0,0,6,fiber packages,0.29,summer_dip,23292.05,6754.69,0,0
2023-07-14,5,0,0,9,IoT devices,0.24,summer_dip,22481.39,5395.53,0,0
2023-07-15,6,1,0,11,accessories,0.28,summer_dip,28667.73,8026.96,0,0
2023-07-16,0,1,0,15,accessories,0.28,summer_dip,30067.9,8419.01,0,0
2023-07-17,1,0,0,4,accessories,0.27,summer_dip,20882.76,5638.35,0,0
2023-07-18,2,0,0,5,smartphones,0.17,summer_dip,20648.87,3510.31,0,0
2023-07-19,3,0,0,7,accessories,0.25,summer_dip,23106.4,5776.6,0,0
2023-07-20,4,0,0,7,smartphones,0.16,summer_dip,22380.1,3580.82,0,0
2023-07-21,5,0,0,8,accessories,0.27,summer_dip,24949.48,6736.36,0,0
2023-07-22,6,1,0,11,fiber packages,0.29,summer_dip,27579.79,7998.14,0,0
2023-07-23,0,1,0,12,IoT devices,0.21,summer_dip,29148.53,6121.19,0,0
2023-07-24,1,0,0,6,smartphones,0.18,summer_dip,21680.77,3902.54,0,0
2023-07-25,2,0,0,5,smartphones,0.2,summer_dip,20993.24,4198.65,0,0
2023-07-26,3,0,0,9,accessories,0.26,summer_dip,24274.13,6311.27,0,0
2023-07-27,4,0,0,6,fiber packages,0.3,summer_dip,24094.01,7228.2,0,0
2023-07-28,5,0,0,6,IoT devices,0.22,summer_dip,24013.4,5282.95,0,0
2023-07-29,6,1,0,14,smartphones,0.18,summer_dip,29963.92,5393.51,0,0
2023-07-30,0,1,0,11,fiber packages,0.27,summer_dip,29387.97,7934.75,0,0
2023-07-31,1,0,0,6,smartphones,0.2,summer_dip,22097.38,4419.48,0,0
2023-08-01,2,0,0,6,smartphones,0.15,summer_dip,19297.33,2894.6,0,0
2023-08-02,3,0,0,8,accessories,0.27,summer_dip,20435.24,5517.51,0,0
2023-08-03,4,0,0,6,fiber packages,0.29,summer_dip,20358.62,5904.0,0,0
2023-08-04,5,0,0,7,accessories,0.28,summer_dip,21055.6,5895.57,0,0
2023-08-05,6,1,0,10,smartphones,0.18,summer_dip,23937.94,4308.83,0,0
2023-08-06,0,1,0,10,smartphones,0.2,summer_dip,23795.76,4759.15,0,0
2023-08-07,1,0,0,5,smartphones,0.2,summer_dip,17890.9,3578.18,0,0
2023-08-08,2,0,0,4,IoT devices,0.24,summer_dip,18229.44,4375.07,0,0
2023-08-09,3,0,0,9,smartphones,0.16,summer_dip,20362.58,3258.01,0,0
2023-08-10,4,0,0,9,smartphones,0.19,summer_dip,20211.64,3840.21,0,0
2023-08-11,5,0,0,6,smartphones,0.16,summer_dip,19628.3,3140.53,0,0
2023-08-12,6,1,0,11,fiber packages,0.28,summer_dip,23831.91,6672.93,0,0
2023-08-13,0,1,0,10,smartphones,0.16,summer_dip,25343.3,4054.93,0,0
2023-08-14,1,0,0,4,fiber packages,0.29,summer_dip,18523.32,5371.76,0,0
2023-08-15,2,0,1,13,smartphones,0.16,summer_dip,18677.59,2988.41,0,0
2023-08-16,3,0,0,9,smartphones,0.15,summer_dip,19892.85,2983.93,0,0
2023-08-17,4,0,0,8,IoT devices,0.23,summer_dip,19671.09,4524.35,0,0
2023-08-18,5,0,0,8,smartphones,0.15,summer_dip,21152.23,3172.83,0,0
2023-08-19,6,1,0,15,fiber packages,0.3,summer_dip,25531.62,7659.49,0,0
2023-08-20,0,1,0,11,IoT devices,0.22,summer_dip,25583.03,5628.27,0,0
2023-08-21,1,0,0,4,accessories,0.29,summer_dip,18942.62,5493.36,0,0
2023-08-22,2,0,0,6,IoT devices,0.2,summer_dip,18253.47,3650.69,0,0
2023-08-23,3,0,0,7,fiber packages,0.25,summer_dip,20139.7,5034.93,0,0
2023-08-24,4,0,0,7,IoT devices,0.23,summer_dip,20336.9,4677.49,0,0
2023-08-25,5,0,0,6,accessories,0.27,summer_dip,20847.58,5628.85,0,0
2023-08-26,6,1,0,15,IoT devices,0.24,summer_dip,24033.47,5768.03,0,0
2023-08-27,0,1,0,11,smartphones,0.18,summer_dip,23359.84,4204.77,0,0
2023-08-28,1,0,0,5,fiber packages,0.28,summer_dip,18330.11,5132.43,0,0
2023-08-29,2,0,0,5,accessories,0.29,summer_dip,19291.29,5594.47,0,0
2023-08-30,3,0,0,9,smartphones,0.2,summer_dip,20480.97,4096.19,0,0
2023-08-31,4,0,0,8,IoT devices,0.22,summer_dip,21429.69,4714.53,0,0
2023-09-01,5,0,0,8,fiber packages,0.28,summer_recovery,23405.2,6553.46,0,0
2023-09-02,6,1,0,15,IoT devices,0.21,summer_recovery,28541.32,5993.68,0,0
2023-09-03,0,1,0,13,accessories,0.29,summer_recovery,28421.06,8242.11,0,0
2023-09-04,1,0,0,4,fiber packages,0.26,summer_recovery,20637.03,5365.63,0,0
2023-09-05,2,0,0,6,fiber packages,0.28,summer_recovery,20908.01,5854.24,0,0
2023-09-06,3,0,0,9,accessories,0.27,summer_recovery,23896.66,6452.1,0,0
2023-09-07,4,0,0,7,accessories,0.27,summer_recovery,24437.02,6598.0,0,0
2023-09-08,5,0,0,8,fiber packages,0.27,summer_recovery,23791.08,6423.59,0,0
2023-09-09,6,1,0,11,IoT devices,0.21,summer_recovery,28418.83,5967.95,0,0
2023-09-10,0,1,0,14,smartphones,0.18,summer_recovery,30184.56,5433.22,0,0
2023-09-11,1,0,0,6,IoT devices,0.23,summer_recovery,22244.44,5116.22,0,0
2023-09-12,2,0,0,6,fiber packages,0.28,summer_recovery,20480.48,5734.53,0,0
2023-09-13,3,0,0,7,smartphones,0.16,summer_recovery,24211.86,3873.9,0,0
2023-09-14,4,0,0,6,IoT devices,0.21,summer_recovery,24060.08,5052.62,0,0
2023-09-15,5,0,0,7,IoT devices,0.23,summer_recovery,22252.59,5118.1,0,0
2023-09-16,6,1,0,15,fiber packages,0.26,summer_recovery,29072.25,7558.78,0,0
2023-09-17,0,1,0,14,IoT devices,0.21,summer_recovery,28913.38,6071.81,0,0
2023-09-18,1,0,0,5,IoT devices,0.21,summer_recovery,20978.77,4405.54,0,0
2023-09-19,2,0,0,4,fiber packages,0.25,summer_recovery,21152.8,5288.2,0,0
2023-09-20,3,0,0,8,fiber packages,0.25,summer_recovery,24397.59,6099.4,0,0
2023-09-21,4,0,0,7,smartphones,0.17,summer_recovery,23377.83,3974.23,0,0
2023-09-22,5,0,0,9,fiber packages,0.28,summer_recovery,22494.78,6298.54,0,0
2023-09-23,6,1,0,10,fiber packages,0.25,summer_recovery,30038.58,7509.65,0,0
2023-09-24,0,1,0,13,smartphones,0.17,summer_recovery,28008.03,4761.37,0,0
2023-09-25,1,0,0,5,IoT devices,0.24,summer_recovery,21083.17,5059.96,0,0
2023-09-26,2,0,0,4,accessories,0.27,summer_recovery,20488.31,5531.84,0,0
2023-09-27,3,0,0,9,accessories,0.3,summer_recovery,23987.76,7196.33,0,0
2023-09-28,4,0,0,7,IoT devices,0.25,summer_recovery,23594.16,5898.54,0,0
2023-09-29,5,0,0,8,fiber packages,0.29,summer_recovery,22937.73,6651.94,0,0
2023-09-30,6,1,0,11,IoT devices,0.25,summer_recovery,28440.04,7110.01,0,0
2023-10-01,0,1,0,13,fiber packages,0.3,baseline,30024.48,9007.34,0,0
2023-10-02,1,0,0,6,fiber packages,0.29,baseline,23294.76,6755.48,0,0
2023-10-03,2,0,0,4,IoT devices,0.2,baseline,23191.43,4638.29,0,0
2023-10-04,3,0,0,6,IoT devices,0.21,baseline,26706.29,5608.32,0,0
2023-10-05,4,0,1,14,IoT devices,0.21,baseline,28054.77,5891.5,0,0
2023-10-06,5,0,0,7,accessories,0.26,baseline,25898.09,6733.5,0,0
2023-10-07,6,1,0,13,smartphones,0.18,baseline,31783.38,5721.01,0,0
2023-10-08,0,1,0,13,accessories,0.27,baseline,29417.36,7942.69,0,0
2023-10-09,1,0,0,5,accessories,0.25,baseline,23444.67,5861.17,0,0
2023-10-10,2,0,0,4,accessories,0.25,baseline,23683.3,5920.82,0,0
2023-10-11,3,0,0,8,accessories,0.29,baseline,24559.49,7122.25,0,0
2023-10-12,4,0,0,6,smartphones,0.16,baseline,25776.91,4124.31,0,0
2023-10-13,5,0,0,8,fiber packages,0.29,baseline,26744.12,7755.79,0,0
2023-10-14,6,1,0,11,smartphones,0.18,baseline,30238.2,5442.88,0,0
2023-10-15,0,1,0,14,accessories,0.3,baseline,30054.42,9016.33,0,0
2023-10-16,1,0,0,6,IoT devices,0.21,baseline,23538.02,4942.98,0,0
2023-10-17,2,0,0,5,accessories,0.28,baseline,23989.35,6717.02,0,0
2023-10-18,3,0,0,6,smartphones,0.16,baseline,26153.6,4184.58,0,0
2023-10-19,4,0,0,8,fiber packages,0.26,baseline,25192.26,6549.99,0,0
2023-10-20,5,0,0,8,accessories,0.27,baseline,26364.24,7118.34,0,0
2023-10-21,6,1,0,12,accessories,0.25,baseline,30474.5,7618.62,0,0
2023-10-22,0,1,0,14,IoT devices,0.24,baseline,31376.35,7530.32,0,0
2023-10-23,1,0,0,6,IoT devices,0.24,baseline,22383.12,5371.95,0,0
2023-10-24,2,0,0,4,smartphones,0.16,baseline,23776.11,3804.18,0,0
2023-10-25,3,0,0,6,accessories,0.26,baseline,25124.08,6532.26,0,0
2023-10-26,4,0,0,8,smartphones,0.17,baseline,25685.53,4366.54,0,0
2023-10-27,5,0,0,6,accessories,0.27,baseline,25803.88,6967.05,0,0
2023-10-28,6,1,0,11,accessories,0.28,baseline,30876.15,8645.32,0,0
2023-10-29,0,1,0,11,accessories,0.28,baseline,31074.68,8700.91,0,0
2023-10-30,1,0,0,4,accessories,0.27,baseline,23719.61,6404.29,0,0
2023-10-31,2,0,0,5,smartphones,0.17,baseline,22398.58,3807.76,0,0
2023-11-01,3,0,1,15,smartphones,0.19,baseline,26526.3,5040.0,0,0
2023-11-02,4,0,0,8,IoT devices,0.22,baseline,25443.07,5597.48,0,0
2023-11-03,5,0,0,7,fiber packages,0.29,baseline,26827.12,7779.86,0,0
2023-11-04,6,1,0,13,smartphones,0.19,baseline,30550.01,5804.5,0,0
2023-11-05,0,1,0,14,smartphones,0.18,baseline,29926.57,5386.78,0,0
2023-11-06,1,0,0,6,fiber packages,0.28,baseline,21936.34,6142.18,0,0
2023-11-07,2,0,0,5,fiber packages,0.28,baseline,23087.65,6464.54,0,0
2023-11-08,3,0,0,9,IoT devices,0.21,baseline,25499.02,5354.79,0,0
2023-11-09,4,0,0,8,IoT devices,0.23,baseline,24790.77,5701.88,0,0
2023-11-10,5,0,0,7,fiber packages,0.27,baseline,24717.65,6673.77,0,0
2023-11-11,6,1,0,15,IoT devices,0.21,baseline,30158.54,6333.29,0,0
2023-11-12,0,1,0,14,smartphones,0.2,baseline,29760.58,5952.12,0,0
2023-11-13,1,0,0,6,fiber packages,0.28,baseline,23206.48,6497.81,0,0
2023-11-14,2,0,0,4,smartphones,0.16,baseline,22922.27,3667.56,0,0
2023-11-15,3,0,0,7,IoT devices,0.24,baseline,25694.87,6166.77,0,0
2023-11-16,4,0,0,6,smartphones,0.17,baseline,25575.4,4347.82,0,0
2023-11-17,5,0,0,8,IoT devices,0.22,baseline,25360.31,5579.27,0,0
2023-11-18,6,1,0,12,accessories,0.27,baseline,29748.15,8032.0,0,0
2023-11-19,0,1,0,15,smartphones,0.19,baseline,31541.09,5992.81,0,0
2023-11-20,1,0,0,4,smartphones,0.17,baseline,23082.87,3924.09,0,0
2023-11-21,2,0,0,4,IoT devices,0.21,baseline,24157.4,5073.05,0,0
2023-11-22,3,0,0,6,IoT devices,0.24,baseline,25248.08,6059.54,0,0
2023-11-23,4,0,0,9,smartphones,0.16,baseline,24690.18,3950.43,0,0
2023-11-24,5,0,0,6,smartphones,0.17,baseline,26756.65,4548.63,0,0
2023-11-25,6,1,0,15,fiber packages,0.28,baseline,29876.21,8365.34,0,0
2023-11-26,0,1,0,12,accessories,0.26,black_friday,33926.55,8820.9,0,0
2023-11-27,1,0,0,5,fiber packages,0.26,baseline,22512.49,5853.25,0,0
2023-11-28,2,0,0,6,smartphones,0.2,baseline,22468.6,4493.72,0,0
2023-11-29,3,0,0,9,fiber packages,0.28,baseline,26579.49,7442.26,0,0
2023-11-30,4,0,0,8,IoT devices,0.2,baseline,26124.94,5224.99,0,0
2023-12-01,5,0,1,15,accessories,0.26,baseline,25573.74,6649.17,0,0
2023-12-02,6,1,0,13,fiber packages,0.3,baseline,30331.41,9099.42,0,0
2023-12-03,0,1,0,13,accessories,0.3,baseline,29461.8,8838.54,0,0
2023-12-04,1,0,0,5,smartphones,0.19,baseline,23395.54,4445.15,0,0
2023-12-05,2,0,0,4,fiber packages,0.28,baseline,23456.7,6567.88,0,0
2023-12-06,3,0,0,9,smartphones,0.15,baseline,26010.25,3901.54,0,0
2023-12-07,4,0,0,8,accessories,0.28,baseline,25358.31,7100.33,0,0
2023-12-08,5,0,1,14,IoT devices,0.22,baseline,26506.93,5831.52,0,0
2023-12-09,6,1,0,10,fiber packages,0.28,baseline,30887.42,8648.48,0,0
2023-12-10,0,1,0,15,fiber packages,0.29,baseline,31881.8,9245.72,0,0
2023-12-11,1,0,0,6,accessories,0.29,baseline,23170.36,6719.4,0,0
2023-12-12,2,0,0,5,smartphones,0.19,baseline,22768.5,4326.02,0,0
2023-12-13,3,0,0,8,smartphones,0.19,baseline,26615.3,5056.91,0,0
2023-12-14,4,0,0,7,accessories,0.26,baseline,25569.71,6648.12,0,0
2023-12-15,5,0,0,7,fiber packages,0.28,christmas_peak,39013.48,10923.77,0,1
2023-12-16,6,1,0,12,smartphones,0.17,christmas_peak,43398.86,7377.81,0,1
2023-12-17,0,1,0,10,smartphones,0.19,christmas_peak,48408.72,9197.66,0,1
2023-12-18,1,0,0,6,smartphones,0.16,christmas_peak,33249.41,5319.91,0,1
2023-12-19,2,0,0,6,accessories,0.29,christmas_peak,32934.06,9550.88,0,1
2023-12-20,3,0,0,6,IoT devices,0.24,christmas_peak,37843.27,9082.38,0,1
2023-12-21,4,0,0,8,accessories,0.29,christmas_peak,39151.45,11353.92,0,1
2023-12-22,5,0,0,9,IoT devices,0.23,christmas_peak,38970.41,8963.19,0,1
2023-12-23,6,1,0,14,accessories,0.26,christmas_peak,44305.26,11519.37,0,1
2023-12-24,0,1,0,15,fiber packages,0.28,christmas_peak,47067.54,13178.91,0,1
2023-12-25,1,0,1,0,smartphones,0.0,store_closed,0.0,0.0,0,0
2023-12-26,2,0,0,6,fiber packages,0.27,baseline,22599.91,6101.98,0,0
2023-12-27,3,0,0,8,fiber packages,0.29,baseline,25189.33,7304.91,0,0
2023-12-28,4,0,0,9,fiber packages,0.27,baseline,26792.22,7233.9,0,0
2023-12-29,5,0,0,6,IoT devices,0.22,baseline,26808.25,5897.81,0,0
2023-12-30,6,1,0,10,IoT devices,0.21,baseline,31248.9,6562.27,0,0
2023-12-31,0,1,0,15,IoT devices,0.22,baseline,32176.77,7078.89,0,0
2024-01-01,1,0,1,0,smartphones,0.0,store_closed,0.0,0.0,0,0
2024-01-02,2,0,0,6,accessories,0.3,post_holiday_dip,22213.73,6664.12,0,0
2024-01-03,3,0,0,9,accessories,0.28,post_holiday_dip,24458.09,6848.27,0,0
2024-01-04,4,0,0,7,IoT devices,0.2,post_holiday_dip,23474.91,4694.98,0,0
2024-01-05,5,0,0,9,accessories,0.28,post_holiday_dip,24763.91,6933.89,0,0
2024-01-06,6,1,0,12,smartphones,0.2,post_holiday_dip,27343.05,5468.61,0,0
2024-01-07,0,1,0,12,smartphones,0.17,post_holiday_dip,29276.04,4976.93,0,0
2024-01-08,1,0,0,6,smartphones,0.16,post_holiday_dip,22141.73,3542.68,0,0
2024-01-09,2,0,0,4,fiber packages,0.29,post_holiday_dip,22169.36,6429.11,0,0
2024-01-10,3,0,0,7,IoT devices,0.23,post_holiday_dip,23976.0,5514.48,0,0
2024-01-11,4,0,0,9,IoT devices,0.24,post_holiday_dip,23391.66,5614.0,0,0
2024-01-12,5,0,0,6,accessories,0.27,post_holiday_dip,23148.81,6250.18,0,0
2024-01-13,6,1,0,12,accessories,0.26,post_holiday_dip,27929.07,7261.56,0,0
2024-01-14,0,1,0,12,fiber packages,0.25,post_holiday_dip,27442.12,6860.53,0,0
2024-01-15,1,0,0,5,IoT devices,0.22,post_holiday_dip,21605.98,4753.32,0,0
2024-01-16,2,0,0,5,fiber packages,0.26,post_holiday_dip,22142.7,5757.1,0,0
2024-01-17,3,0,0,9,accessories,0.29,post_holiday_dip,23388.11,6782.55,0,0
2024-01-18,4,0,0,7,IoT devices,0.24,post_holiday_dip,22623.85,5429.72,0,0
2024-01-19,5,0,0,7,smartphones,0.18,post_holiday_dip,23067.56,4152.16,0,0
2024-01-20,6,1,0,14,smartphones,0.2,post_holiday_dip,27289.88,5457.98,0,0
2024-01-21,0,1,0,13,accessories,0.27,post_holiday_dip,27808.45,7508.28,0,0
2024-01-22,1,0,0,5,smartphones,0.17,post_holiday_dip,20662.82,3512.68,0,0
2024-01-23,2,0,0,6,IoT devices,0.25,post_holiday_dip,20907.29,5226.82,0,0
2024-01-24,3,0,0,8,fiber packages,0.29,post_holiday_dip,24174.22,7010.52,0,0
2024-01-25,4,0,0,9,fiber packages,0.25,post_holiday_dip,22816.25,5704.06,0,0
2024-01-26,5,0,0,7,fiber packages,0.26,post_holiday_dip,23167.43,6023.53,0,0
2024-01-27,6,1,0,14,accessories,0.29,post_holiday_dip,29282.6,8491.95,0,0
2024-01-28,0,1,0,11,IoT devices,0.21,post_holiday_dip,29447.79,6184.04,0,0
2024-01-29,1,0,0,5,accessories,0.3,post_holiday_dip,20557.87,6167.36,0,0
2024-01-30,2,0,0,4,IoT devices,0.24,post_holiday_dip,21207.54,5089.81,0,0
2024-01-31,3,0,0,6,smartphones,0.15,post_holiday_dip,23541.35,3531.2,0,0
2024-02-01,4,0,0,8,accessories,0.27,baseline,27199.89,7343.97,0,0
2024-02-02,5,0,0,9,IoT devices,0.22,baseline,27062.88,5953.83,0,0
2024-02-03,6,1,0,12,fiber packages,0.26,baseline,32885.47,8550.22,0,0
2024-02-04,0,1,0,10,IoT devices,0.21,baseline,30525.38,6410.33,0,0
2024-02-05,1,0,0,4,IoT devices,0.21,baseline,24441.76,5132.77,0,0
2024-02-06,2,0,0,4,IoT devices,0.25,baseline,24823.34,6205.84,0,0
2024-02-07,3,0,0,8,fiber packages,0.27,baseline,26201.43,7074.39,0,0
2024-02-08,4,0,0,7,fiber packages,0.28,baseline,25553.58,7155.0,0,0
2024-02-09,5,0,0,9,smartphones,0.17,baseline,26695.27,4538.2,0,0
2024-02-10,6,1,0,10,smartphones,0.2,baseline,31085.45,6217.09,0,0
2024-02-11,0,1,0,12,IoT devices,0.2,baseline,31321.77,6264.35,0,0
2024-02-12,1,0,0,4,IoT devices,0.23,baseline,23046.08,5300.6,0,0
2024-02-13,2,0,0,4,accessories,0.26,baseline,24081.41,6261.17,0,0
2024-02-14,3,0,0,9,fiber packages,0.26,baseline,27056.62,7034.72,0,0
2024-02-15,4,0,0,9,accessories,0.27,baseline,25671.8,6931.39,0,0
2024-02-16,5,0,0,7,IoT devices,0.22,baseline,25355.72,5578.26,0,0
2024-02-17,6,1,0,15,IoT devices,0.22,baseline,33107.97,7283.75,0,0
2024-02-18,0,1,0,15,smartphones,0.17,baseline,32224.24,5478.12,0,0
2024-02-19,1,0,0,6,fiber packages,0.25,baseline,23281.38,5820.35,0,0
2024-02-20,2,0,0,5,smartphones,0.18,baseline,24820.04,4467.61,0,0
2024-02-21,3,0,0,8,fiber packages,0.29,baseline,27442.85,7958.43,0,0
2024-02-22,4,0,0,9,IoT devices,0.23,baseline,27360.71,6292.96,0,0
2024-02-23,5,0,0,6,smartphones,0.19,baseline,27131.22,5154.93,0,0
2024-02-24,6,1,0,13,accessories,0.27,baseline,30417.32,8212.68,0,0
2024-02-25,0,1,0,11,fiber packages,0.27,baseline,31915.62,8617.22,0,0
2024-02-26,1,0,0,5,IoT devices,0.24,baseline,23575.64,5658.15,0,0
2024-02-27,2,0,0,5,fiber packages,0.27,baseline,22960.46,6199.32,0,0
2024-02-28,3,0,0,7,accessories,0.27,baseline,26799.04,7235.74,0,0
2024-02-29,4,0,0,6,smartphones,0.19,baseline,27068.91,5143.09,0,0
2024-03-01,5,0,0,7,fiber packages,0.28,baseline,26511.49,7423.22,0,0
2024-03-02,6,1,0,13,accessories,0.28,baseline,30264.15,8473.96,0,0
2024-03-03,0,1,0,11,IoT devices,0.24,baseline,30745.69,7378.97,0,0
2024-03-04,1,0,0,4,IoT devices,0.21,baseline,22942.87,4818.0,0,0
2024-03-05,2,0,0,6,fiber packages,0.29,baseline,22862.57,6630.15,0,0
2024-03-06,3,0,0,9,accessories,0.25,baseline,27290.77,6822.69,0,0
2024-03-07,4,0,0,8,fiber packages,0.26,baseline,26238.11,6821.91,0,0
2024-03-08,5,0,0,6,IoT devices,0.22,baseline,27579.05,6067.39,0,0
2024-03-09,6,1,0,11,accessories,0.26,baseline,30423.94,7910.22,0,0
2024-03-10,0,1,0,14,accessories,0.25,baseline,33072.76,8268.19,0,0
2024-03-11,1,0,0,5,accessories,0.3,baseline,24851.98,7455.59,0,0
2024-03-12,2,0,0,4,fiber packages,0.3,baseline,23911.14,7173.34,0,0
2024-03-13,3,0,0,6,IoT devices,0.22,baseline,27291.44,6004.12,0,0
2024-03-14,4,0,0,8,smartphones,0.16,baseline,25214.75,4034.36,0,0
2024-03-15,5,0,0,7,IoT devices,0.22,baseline,25910.69,5700.35,0,0
2024-03-16,6,1,0,15,fiber packages,0.25,baseline,31060.05,7765.01,0,0
2024-03-17,0,1,0,10,fiber packages,0.29,baseline,31659.96,9181.39,0,0
2024-03-18,1,0,0,4,IoT devices,0.23,baseline,22684.05,5217.33,0,0
2024-03-19,2,0,0,4,accessories,0.29,baseline,24386.35,7072.04,0,0
2024-03-20,3,0,0,8,fiber packages,0.29,baseline,25901.93,7511.56,0,0
2024-03-21,4,0,0,8,smartphones,0.18,baseline,25429.77,4577.36,0,0
2024-03-22,5,0,0,7,IoT devices,0.22,baseline,26337.0,5794.14,0,0
2024-03-23,6,1,0,13,smartphones,0.17,baseline,32225.68,5478.37,0,0
2024-03-24,0,1,0,14,accessories,0.26,baseline,31428.65,8171.45,0,0
2024-03-25,1,0,0,4,IoT devices,0.22,easter_week,27787.21,6113.19,1,0
2024-03-26,2,0,0,4,IoT devices,0.22,easter_week,25958.01,5710.76,1,0
2024-03-27,3,0,0,8,IoT devices,0.24,easter_week,29793.87,7150.53,1,0
2024-03-28,4,0,0,9,smartphones,0.17,easter_week,29790.01,5064.3,1,0
2024-03-29,5,0,1,13,IoT devices,0.21,easter_week,32005.03,6721.06,1,0
2024-03-30,6,1,0,11,smartphones,0.2,easter_week,36104.26,7220.85,1,0
2024-03-31,0,1,0,10,fiber packages,0.3,easter_week,37090.33,11127.1,1,0
2024-04-01,1,0,0,5,smartphones,0.18,baseline,24789.42,4462.1,0,0
2024-04-02,2,0,0,6,accessories,0.3,baseline,22547.81,6764.34,0,0
2024-04-03,3,0,0,9,smartphones,0.16,baseline,27564.41,4410.31,0,0
2024-04-04,4,0,0,6,IoT devices,0.22,baseline,26127.25,5747.99,0,0
2024-04-05,5,0,0,8,smartphones,0.18,baseline,26922.99,4846.14,0,0
2024-04-06,6,1,0,15,fiber packages,0.25,baseline,30017.88,7504.47,0,0
2024-04-07,0,1,0,14,IoT devices,0.24,baseline,30467.36,7312.17,0,0
2024-04-08,1,0,0,5,fiber packages,0.29,baseline,24396.87,7075.09,0,0
2024-04-09,2,0,0,5,IoT devices,0.21,baseline,23345.33,4902.52,0,0
2024-04-10,3,0,0,7,accessories,0.27,baseline,27475.69,7418.44,0,0
2024-04-11,4,0,0,7,IoT devices,0.25,baseline,27489.63,6872.41,0,0
2024-04-12,5,0,0,8,fiber packages,0.28,baseline,26317.67,7368.95,0,0
2024-04-13,6,1,0,10,IoT devices,0.24,baseline,32355.01,7765.2,0,0
2024-04-14,0,1,0,15,accessories,0.26,baseline,32357.83,8413.04,0,0
2024-04-15,1,0,0,4,accessories,0.28,baseline,24474.31,6852.81,0,0
2024-04-16,2,0,0,6,IoT devices,0.24,baseline,24503.2,5880.77,0,0
2024-04-17,3,0,0,8,accessories,0.27,baseline,25314.17,6834.83,0,0
2024-04-18,4,0,0,9,fiber packages,0.26,baseline,26398.4,6863.58,0,0
2024-04-19,5,0,0,7,accessories,0.27,baseline,26737.42,7219.1,0,0
2024-04-20,6,1,0,13,accessories,0.27,baseline,32512.09,8778.26,0,0
2024-04-21,0,1,0,11,smartphones,0.17,baseline,32847.72,5584.11,0,0
2024-04-22,1,0,0,4,fiber packages,0.28,baseline,23275.07,6517.02,0,0
2024-04-23,2,0,0,6,IoT devices,0.24,baseline,24788.06,5949.13,0,0
2024-04-24,3,0,0,7,fiber packages,0.29,baseline,27323.19,7923.73,0,0
2024-04-25,4,0,1,11,fiber packages,0.29,baseline,28596.56,8293.0,0,0
2024-04-26,5,0,0,7,IoT devices,0.24,baseline,27567.64,6616.23,0,0
2024-04-27,6,1,0,13,IoT devices,0.24,baseline,31270.3,7504.87,0,0
2024-04-28,0,1,0,11,IoT devices,0.21,baseline,30196.27,6341.22,0,0
2024-04-29,1,0,0,4,accessories,0.28,baseline,24155.33,6763.49,0,0
2024-04-30,2,0,0,4,smartphones,0.15,baseline,22737.07,3410.56,0,0
2024-05-01,3,0,1,11,accessories,0.26,baseline,27788.25,7224.95,0,0
2024-05-02,4,0,0,6,smartphones,0.16,baseline,26758.83,4281.41,0,0
2024-05-03,5,0,0,7,accessories,0.29,baseline,25862.26,7500.06,0,0
2024-05-04,6,1,0,10,fiber packages,0.26,baseline,30270.61,7870.36,0,0
2024-05-05,0,1,0,15,IoT devices,0.25,baseline,31611.72,7902.93,0,0
2024-05-06,1,0,0,6,IoT devices,0.2,baseline,24106.62,4821.32,0,0
2024-05-07,2,0,0,6,smartphones,0.2,baseline,23036.42,4607.28,0,0
2024-05-08,3,0,0,7,accessories,0.26,baseline,25080.47,6520.92,0,0
2024-05-09,4,0,0,7,accessories,0.26,baseline,25186.86,6548.58,0,0
2024-05-10,5,0,0,8,accessories,0.29,baseline,27448.75,7960.14,0,0
2024-05-11,6,1,0,15,fiber packages,0.3,baseline,30316.32,9094.9,0,0
2024-05-12,0,1,0,11,IoT devices,0.24,baseline,31365.19,7527.65,0,0
2024-05-13,1,0,0,5,IoT devices,0.23,baseline,24269.62,5582.01,0,0
2024-05-14,2,0,0,5,fiber packages,0.3,baseline,24730.51,7419.15,0,0
2024-05-15,3,0,0,8,accessories,0.28,baseline,25028.57,7008.0,0,0
2024-05-16,4,0,0,7,accessories,0.28,baseline,27411.47,7675.21,0,0
2024-05-17,5,0,0,7,IoT devices,0.24,baseline,25953.55,6228.85,0,0
2024-05-18,6,1,0,13,fiber packages,0.26,baseline,30075.05,7819.51,0,0
2024-05-19,0,1,0,12,smartphones,0.16,baseline,31247.4,4999.58,0,0
2024-05-20,1,0,0,6,fiber packages,0.3,baseline,22709.3,6812.79,0,0
2024-05-21,2,0,0,4,fiber packages,0.29,baseline,22548.64,6539.11,0,0
2024-05-22,3,0,0,6,fiber packages,0.29,baseline,25405.35,7367.55,0,0
2024-05-23,4,0,0,7,fiber packages,0.27,baseline,27059.19,7305.98,0,0
2024-05-24,5,0,0,8,smartphones,0.17,baseline,27292.47,4639.72,0,0
2024-05-25,6,1,0,12,accessories,0.26,baseline,30046.41,7812.07,0,0
2024-05-26,0,1,0,14,accessories,0.27,baseline,31473.12,8497.74,0,0
2024-05-27,1,0,0,6,IoT devices,0.22,baseline,24115.24,5305.35,0,0
2024-05-28,2,0,0,6,IoT devices,0.21,baseline,23138.64,4859.11,0,0
2024-05-29,3,0,0,8,fiber packages,0.26,baseline,27486.73,7146.55,0,0
2024-05-30,4,0,1,12,smartphones,0.19,baseline,26879.89,5107.18,0,0
2024-05-31,5,0,0,7,accessories,0.26,baseline,26381.93,6859.3,0,0
2024-06-01,6,1,0,14,accessories,0.28,baseline,30317.42,8488.88,0,0
2024-06-02,0,1,0,13,accessories,0.3,baseline,33050.08,9915.02,0,0
2024-06-03,1,0,0,4,smartphones,0.17,baseline,24246.12,4121.84,0,0
2024-06-04,2,0,0,5,fiber packages,0.26,baseline,22816.31,5932.24,0,0
2024-06-05,3,0,0,8,fiber packages,0.3,baseline,27243.92,8173.18,0,0
2024-06-06,4,0,0,6,smartphones,0.2,baseline,25328.02,5065.6,0,0
2024-06-07,5,0,0,6,accessories,0.28,baseline,26284.6,7359.69,0,0
2024-06-08,6,1,0,13,IoT devices,0.25,baseline,31077.69,7769.42,0,0
2024-06-09,0,1,0,15,IoT devices,0.25,baseline,32160.53,8040.13,0,0
2024-06-10,1,0,1,11,fiber packages,0.27,baseline,25073.72,6769.9,0,0
2024-06-11,2,0,0,6,fiber packages,0.29,baseline,23350.18,6771.55,0,0
2024-06-12,3,0,0,6,fiber packages,0.25,baseline,26483.24,6620.81,0,0
2024-06-13,4,0,0,9,IoT devices,0.24,baseline,27298.01,6551.52,0,0
2024-06-14,5,0,0,7,accessories,0.28,baseline,26302.57,7364.72,0,0
2024-06-15,6,1,0,13,accessories,0.3,baseline,31133.71,9340.11,0,0
2024-06-16,0,1,0,14,IoT devices,0.25,baseline,32063.01,8015.75,0,0
2024-06-17,1,0,0,6,fiber packages,0.29,baseline,23936.99,6941.73,0,0
2024-06-18,2,0,0,4,accessories,0.26,baseline,22765.53,5919.04,0,0
2024-06-19,3,0,0,6,accessories,0.26,baseline,27259.29,7087.42,0,0
2024-06-20,4,0,0,8,smartphones,0.15,baseline,26581.66,3987.25,0,0
2024-06-21,5,0,0,7,accessories,0.25,baseline,25293.53,6323.38,0,0
2024-06-22,6,1,0,14,smartphones,0.18,baseline,30469.76,5484.56,0,0
2024-06-23,0,1,0,15,IoT devices,0.21,baseline,30074.8,6315.71,0,0
2024-06-24,1,0,1,15,fiber packages,0.29,baseline,24423.34,7082.77,0,0
2024-06-25,2,0,0,5,smartphones,0.15,baseline,24528.65,3679.3,0,0
2024-06-26,3,0,0,6,IoT devices,0.2,baseline,25983.78,5196.76,0,0
2024-06-27,4,0,0,6,fiber packages,0.27,baseline,26972.88,7282.68,0,0
2024-06-28,5,0,0,8,IoT devices,0.23,baseline,26517.32,6098.98,0,0
2024-06-29,6,1,0,11,IoT devices,0.21,baseline,31907.68,6700.61,0,0
2024-06-30,0,1,0,14,smartphones,0.18,baseline,31447.49,5660.55,0,0
2024-07-01,1,0,0,4,smartphones,0.19,summer_dip,23193.97,4406.85,0,0
2024-07-02,2,0,0,6,smartphones,0.17,summer_dip,22902.53,3893.43,0,0
2024-07-03,3,0,0,6,IoT devices,0.25,summer_dip,24507.49,6126.87,0,0
2024-07-04,4,0,0,8,IoT devices,0.22,summer_dip,22591.8,4970.2,0,0
2024-07-05,5,0,0,6,accessories,0.25,summer_dip,24543.29,6135.82,0,0
2024-07-06,6,1,0,12,fiber packages,0.3,summer_dip,29847.0,8954.1,0,0
2024-07-07,0,1,0,12,fiber packages,0.28,summer_dip,30730.29,8604.48,0,0
2024-07-08,1,0,0,5,accessories,0.26,summer_dip,20637.27,5365.69,0,0
2024-07-09,2,0,0,5,smartphones,0.19,summer_dip,21998.85,4179.78,0,0
2024-07-10,3,0,0,8,IoT devices,0.2,summer_dip,23597.67,4719.53,0,0
2024-07-11,4,0,0,6,accessories,0.28,summer_dip,24042.02,6731.77,0,0
2024-07-12,5,0,0,8,accessories,0.29,summer_dip,23296.75,6756.06,0,0
2024-07-13,6,1,0,10,smartphones,0.17,summer_dip,29314.55,4983.47,0,0
2024-07-14,0,1,0,13,smartphones,0.18,summer_dip,29058.89,5230.6,0,0
2024-07-15,1,0,0,5,IoT devices,0.22,summer_dip,22982.14,5056.07,0,0
2024-07-16,2,0,0,4,accessories,0.27,summer_dip,22812.56,6159.39,0,0
2024-07-17,3,0,0,7,fiber packages,0.28,summer_dip,23426.54,6559.43,0,0
2024-07-18,4,0,0,8,smartphones,0.18,summer_dip,23758.95,4276.61,0,0
2024-07-19,5,0,0,7,fiber packages,0.26,summer_dip,23224.99,6038.5,0,0
2024-07-20,6,1,0,11,accessories,0.27,summer_dip,29398.45,7937.58,0,0
2024-07-21,0,1,0,11,smartphones,0.18,summer_dip,30330.36,5459.46,0,0
2024-07-22,1,0,0,4,accessories,0.29,summer_dip,20710.23,6005.97,0,0
2024-07-23,2,0,0,4,accessories,0.27,summer_dip,22257.59,6009.55,0,0
2024-07-24,3,0,0,7,fiber packages,0.3,summer_dip,24677.41,7403.22,0,0
2024-07-25,4,0,0,9,fiber packages,0.26,summer_dip,23073.82,5999.19,0,0
2024-07-26,5,0,0,7,smartphones,0.16,summer_dip,23364.01,3738.24,0,0
2024-07-27,6,1,0,10,IoT devices,0.22,summer_dip,27804.1,6116.9,0,0
2024-07-28,0,1,0,10,smartphones,0.18,summer_dip,28937.97,5208.83,0,0
2024-07-29,1,0,0,4,accessories,0.27,summer_dip,21637.62,5842.16,0,0
2024-07-30,2,0,0,5,fiber packages,0.26,summer_dip,21601.37,5616.36,0,0
2024-07-31,3,0,0,7,fiber packages,0.26,summer_dip,23373.4,6077.08,0,0
2024-08-01,4,0,0,8,accessories,0.27,summer_dip,21702.09,5859.56,0,0
2024-08-02,5,0,0,6,IoT devices,0.25,summer_dip,21214.96,5303.74,0,0
2024-08-03,6,1,0,15,smartphones,0.17,summer_dip,24953.6,4242.11,0,0
2024-08-04,0,1,0,15,fiber packages,0.28,summer_dip,25620.13,7173.64,0,0
2024-08-05,1,0,0,6,fiber packages,0.29,summer_dip,18043.91,5232.73,0,0
2024-08-06,2,0,0,4,accessories,0.28,summer_dip,19442.67,5443.95,0,0
2024-08-07,3,0,0,8,smartphones,0.17,summer_dip,21079.01,3583.43,0,0
2024-08-08,4,0,0,8,IoT devices,0.24,summer_dip,20724.4,4973.86,0,0
2024-08-09,5,0,0,6,accessories,0.27,summer_dip,20111.48,5430.1,0,0
2024-08-10,6,1,0,12,fiber packages,0.26,summer_dip,25659.78,6671.54,0,0
2024-08-11,0,1,0,14,accessories,0.29,summer_dip,24625.79,7141.48,0,0
2024-08-12,1,0,0,5,accessories,0.27,summer_dip,18729.76,5057.04,0,0
2024-08-13,2,0,0,6,fiber packages,0.26,summer_dip,18373.66,4777.15,0,0
2024-08-14,3,0,0,6,smartphones,0.17,summer_dip,20694.67,3518.09,0,0
2024-08-15,4,0,1,10,fiber packages,0.3,summer_dip,21533.03,6459.91,0,0
2024-08-16,5,0,0,9,fiber packages,0.28,summer_dip,20655.22,5783.46,0,0
2024-08-17,6,1,0,13,accessories,0.29,summer_dip,25888.38,7507.63,0,0
2024-08-18,0,1,0,12,fiber packages,0.3,summer_dip,26464.34,7939.3,0,0
2024-08-19,1,0,0,5,smartphones,0.18,summer_dip,19451.27,3501.23,0,0
2024-08-20,2,0,0,4,smartphones,0.19,summer_dip,19005.77,3611.1,0,0
2024-08-21,3,0,0,8,smartphones,0.19,summer_dip,20491.8,3893.44,0,0
2024-08-22,4,0,0,6,IoT devices,0.22,summer_dip,20086.86,4419.11,0,0
2024-08-23,5,0,0,7,smartphones,0.19,summer_dip,20348.72,3866.26,0,0
2024-08-24,6,1,0,15,accessories,0.27,summer_dip,24890.87,6720.53,0,0
2024-08-25,0,1,0,15,accessories,0.28,summer_dip,24376.82,6825.51,0,0
2024-08-26,1,0,0,5,fiber packages,0.29,summer_dip,19732.85,5722.53,0,0
2024-08-27,2,0,0,5,fiber packages,0.28,summer_dip,18369.96,5143.59,0,0
2024-08-28,3,0,0,8,IoT devices,0.25,summer_dip,21070.48,5267.62,0,0
2024-08-29,4,0,0,9,IoT devices,0.2,summer_dip,21844.97,4368.99,0,0
2024-08-30,5,0,0,7,smartphones,0.17,summer_dip,21578.53,3668.35,0,0
2024-08-31,6,1,0,12,IoT devices,0.24,summer_dip,25590.2,6141.65,0,0
2024-09-01,0,1,0,12,fiber packages,0.26,summer_recovery,30229.93,7859.78,0,0
2024-09-02,1,0,0,6,fiber packages,0.29,summer_recovery,21679.22,6286.97,0,0
2024-09-03,2,0,0,6,fiber packages,0.26,summer_recovery,20868.88,5425.91,0,0
2024-09-04,3,0,0,7,smartphones,0.16,summer_recovery,25098.95,4015.83,0,0
2024-09-05,4,0,0,8,fiber packages,0.29,summer_recovery,23127.09,6706.86,0,0
2024-09-06,5,0,0,7,smartphones,0.19,summer_recovery,25356.84,4817.8,0,0
2024-09-07,6,1,0,10,smartphones,0.17,summer_recovery,28700.29,4879.05,0,0
2024-09-08,0,1,0,10,fiber packages,0.26,summer_recovery,27900.55,7254.14,0,0
2024-09-09,1,0,0,4,smartphones,0.2,summer_recovery,22905.26,4581.05,0,0
2024-09-10,2,0,0,5,accessories,0.28,summer_recovery,21991.55,6157.63,0,0
2024-09-11,3,0,0,6,fiber packages,0.28,summer_recovery,23274.44,6516.84,0,0
2024-09-12,4,0,0,8,IoT devices,0.21,summer_recovery,22934.0,4816.14,0,0
2024-09-13,5,0,0,7,IoT devices,0.22,summer_recovery,25365.92,5580.5,0,0
2024-09-14,6,1,0,13,fiber packages,0.29,summer_recovery,30475.02,8837.76,0,0
2024-09-15,0,1,0,15,fiber packages,0.28,summer_recovery,28776.14,8057.32,0,0
2024-09-16,1,0,0,4,IoT devices,0.22,summer_recovery,20788.23,4573.41,0,0
2024-09-17,2,0,0,6,smartphones,0.17,summer_recovery,22518.3,3828.11,0,0
2024-09-18,3,0,0,8,fiber packages,0.27,summer_recovery,23958.14,6468.7,0,0
2024-09-19,4,0,0,7,smartphones,0.19,summer_recovery,24156.72,4589.78,0,0
2024-09-20,5,0,0,9,accessories,0.29,summer_recovery,23882.42,6925.9,0,0
2024-09-21,6,1,0,10,accessories,0.29,summer_recovery,28823.82,8358.91,0,0
2024-09-22,0,1,0,12,fiber packages,0.25,summer_recovery,30029.53,7507.38,0,0
2024-09-23,1,0,0,4,fiber packages,0.29,summer_recovery,21170.42,6139.42,0,0
2024-09-24,2,0,0,5,fiber packages,0.25,summer_recovery,21808.58,5452.15,0,0
2024-09-25,3,0,0,8,IoT devices,0.23,summer_recovery,23022.91,5295.27,0,0
2024-09-26,4,0,0,8,smartphones,0.17,summer_recovery,25938.48,4409.54,0,0
2024-09-27,5,0,0,9,smartphones,0.15,summer_recovery,23001.06,3450.16,0,0
2024-09-28,6,1,0,13,IoT devices,0.21,summer_recovery,29000.57,6090.12,0,0
2024-09-29,0,1,0,15,accessories,0.26,summer_recovery,27153.67,7059.95,0,0
2024-09-30,1,0,0,4,fiber packages,0.27,summer_recovery,22187.23,5990.55,0,0
2024-10-01,2,0,0,5,accessories,0.26,baseline,24385.6,6340.26,0,0
2024-10-02,3,0,0,7,fiber packages,0.26,baseline,26152.65,6799.69,0,0
2024-10-03,4,0,0,8,smartphones,0.2,baseline,26696.74,5339.35,0,0
2024-10-04,5,0,0,6,accessories,0.29,baseline,26370.4,7647.42,0,0
2024-10-05,6,1,1,14,accessories,0.25,baseline,30834.98,7708.74,0,0
2024-10-06,0,1,0,12,smartphones,0.19,baseline,32234.58,6124.57,0,0
2024-10-07,1,0,0,6,fiber packages,0.28,baseline,23797.94,6663.42,0,0
2024-10-08,2,0,0,4,fiber packages,0.27,baseline,22490.16,6072.34,0,0
2024-10-09,3,0,0,7,fiber packages,0.26,baseline,25110.53,6528.74,0,0
2024-10-10,4,0,0,6,accessories,0.28,baseline,26701.13,7476.32,0,0
2024-10-11,5,0,0,6,accessories,0.28,baseline,27272.57,7636.32,0,0
2024-10-12,6,1,0,15,fiber packages,0.27,baseline,31740.56,8569.95,0,0
2024-10-13,0,1,0,14,smartphones,0.18,baseline,32717.5,5889.15,0,0
2024-10-14,1,0,0,6,IoT devices,0.23,baseline,23095.74,5312.02,0,0
2024-10-15,2,0,0,6,fiber packages,0.27,baseline,23575.19,6365.3,0,0
2024-10-16,3,0,0,6,accessories,0.29,baseline,26403.2,7656.93,0,0
2024-10-17,4,0,0,9,fiber packages,0.27,baseline,27098.78,7316.67,0,0
2024-10-18,5,0,0,6,IoT devices,0.21,baseline,25061.25,5262.86,0,0
2024-10-19,6,1,0,14,accessories,0.3,baseline,32226.24,9667.87,0,0
2024-10-20,0,1,0,12,IoT devices,0.23,baseline,30551.31,7026.8,0,0
2024-10-21,1,0,0,6,fiber packages,0.29,baseline,23114.91,6703.32,0,0
2024-10-22,2,0,0,5,accessories,0.28,baseline,23346.69,6537.07,0,0
2024-10-23,3,0,0,8,IoT devices,0.24,baseline,26657.67,6397.84,0,0
2024-10-24,4,0,0,9,smartphones,0.16,baseline,26846.01,4295.36,0,0
2024-10-25,5,0,0,6,IoT devices,0.22,baseline,25159.15,5535.01,0,0
2024-10-26,6,1,0,13,IoT devices,0.22,baseline,31031.34,6826.89,0,0
2024-10-27,0,1,0,12,IoT devices,0.24,baseline,30034.71,7208.33,0,0
2024-10-28,1,0,0,6,smartphones,0.19,baseline,23337.92,4434.2,0,0
2024-10-29,2,0,0,6,IoT devices,0.23,baseline,22815.4,5247.54,0,0
2024-10-30,3,0,0,7,smartphones,0.17,baseline,26045.14,4427.67,0,0
2024-10-31,4,0,0,9,smartphones,0.17,baseline,27602.28,4692.39,0,0
2024-11-01,5,0,1,15,fiber packages,0.27,baseline,28275.26,7634.32,0,0
2024-11-02,6,1,0,12,accessories,0.29,baseline,31117.34,9024.03,0,0
2024-11-03,0,1,0,15,IoT devices,0.23,baseline,32181.62,7401.77,0,0
2024-11-04,1,0,0,4,IoT devices,0.2,baseline,24834.94,4966.99,0,0
2024-11-05,2,0,0,5,fiber packages,0.3,baseline,23985.87,7195.76,0,0
2024-11-06,3,0,0,7,fiber packages,0.26,baseline,26689.66,6939.31,0,0
2024-11-07,4,0,0,9,accessories,0.29,baseline,26813.92,7776.04,0,0
2024-11-08,5,0,0,8,accessories,0.28,baseline,27037.24,7570.43,0,0
2024-11-09,6,1,0,10,smartphones,0.18,baseline,31140.85,5605.35,0,0
2024-11-10,0,1,0,10,IoT devices,0.22,baseline,30577.14,6726.97,0,0
2024-11-11,1,0,0,4,IoT devices,0.2,baseline,24032.49,4806.5,0,0
2024-11-12,2,0,0,5,IoT devices,0.23,baseline,24449.2,5623.32,0,0
2024-11-13,3,0,0,6,smartphones,0.19,baseline,26458.91,5027.19,0,0
2024-11-14,4,0,0,8,accessories,0.26,baseline,27565.37,7167.0,0,0
2024-11-15,5,0,0,8,IoT devices,0.22,baseline,27372.84,6022.02,0,0
2024-11-16,6,1,0,10,IoT devices,0.21,baseline,30513.67,6407.87,0,0
2024-11-17,0,1,0,13,IoT devices,0.21,baseline,30183.02,6338.43,0,0
2024-11-18,1,0,0,6,fiber packages,0.27,baseline,23417.66,6322.77,0,0
2024-11-19,2,0,0,4,IoT devices,0.22,baseline,23511.08,5172.44,0,0
2024-11-20,3,0,0,9,fiber packages,0.25,baseline,25125.06,6281.27,0,0
2024-11-21,4,0,0,6,smartphones,0.16,baseline,27004.67,4320.75,0,0
2024-11-22,5,0,0,9,fiber packages,0.27,baseline,25857.93,6981.64,0,0
2024-11-23,6,1,0,15,accessories,0.26,baseline,32802.65,8528.69,0,0
2024-11-24,0,1,0,12,IoT devices,0.24,black_friday,35843.67,8602.48,0,0
2024-11-25,1,0,0,6,fiber packages,0.26,baseline,23705.49,6163.43,0,0
2024-11-26,2,0,0,5,accessories,0.26,baseline,23054.91,5994.28,0,0
2024-11-27,3,0,0,9,smartphones,0.15,baseline,27475.1,4121.26,0,0
2024-11-28,4,0,0,6,accessories,0.3,baseline,25733.44,7720.03,0,0
2024-11-29,5,0,0,6,IoT devices,0.21,baseline,25371.15,5327.94,0,0
2024-11-30,6,1,0,14,fiber packages,0.29,baseline,32510.77,9428.12,0,0
2024-12-01,0,1,1,13,IoT devices,0.22,baseline,30570.18,6725.44,0,0
2024-12-02,1,0,0,4,IoT devices,0.25,baseline,23184.07,5796.02,0,0
2024-12-03,2,0,0,4,smartphones,0.15,baseline,24767.37,3715.11,0,0
2024-12-04,3,0,0,8,IoT devices,0.21,baseline,27128.03,5696.89,0,0
2024-12-05,4,0,0,6,IoT devices,0.22,baseline,25727.31,5660.01,0,0
2024-12-06,5,0,0,9,IoT devices,0.21,baseline,25271.9,5307.1,0,0
2024-12-07,6,1,0,11,smartphones,0.18,baseline,30588.8,5505.98,0,0
2024-12-08,0,1,1,11,IoT devices,0.25,baseline,32191.74,8047.94,0,0
2024-12-09,1,0,0,6,IoT devices,0.2,baseline,24518.03,4903.61,0,0
2024-12-10,2,0,0,6,smartphones,0.19,baseline,24743.45,4701.26,0,0
2024-12-11,3,0,0,7,smartphones,0.15,baseline,26464.04,3969.61,0,0
2024-12-12,4,0,0,6,smartphones,0.18,baseline,26017.11,4683.08,0,0
2024-12-13,5,0,0,7,fiber packages,0.29,baseline,26424.54,7663.12,0,0
2024-12-14,6,1,0,13,smartphones,0.16,baseline,32972.56,5275.61,0,0
2024-12-15,0,1,0,15,smartphones,0.15,christmas_peak,44497.96,6674.69,0,1
2024-12-16,1,0,0,6,accessories,0.27,christmas_peak,34693.63,9367.28,0,1
2024-12-17,2,0,0,5,fiber packages,0.27,christmas_peak,36282.54,9796.29,0,1
2024-12-18,3,0,0,6,IoT devices,0.21,christmas_peak,38457.53,8076.08,0,1
2024-12-19,4,0,0,9,IoT devices,0.24,christmas_peak,38350.82,9204.2,0,1
2024-12-20,5,0,0,9,IoT devices,0.23,christmas_peak,41053.63,9442.33,0,1
2024-12-21,6,1,0,12,smartphones,0.16,christmas_peak,47992.92,7678.87,0,1
2024-12-22,0,1,0,14,accessories,0.27,christmas_peak,47960.94,12949.45,0,1
2024-12-23,1,0,0,4,smartphones,0.15,christmas_peak,36513.94,5477.09,0,1
2024-12-24,2,0,0,4,IoT devices,0.22,christmas_peak,38550.2,8481.04,0,1
2024-12-25,3,0,1,0,fiber packages,0.0,store_closed,0.0,0.0,0,0
2024-12-26,4,0,0,6,accessories,0.28,baseline,25888.33,7248.73,0,0
2024-12-27,5,0,0,8,accessories,0.28,baseline,26060.87,7297.04,0,0
2024-12-28,6,1,0,13,accessories,0.27,baseline,30616.77,8266.53,0,0
2024-12-29,0,1,0,11,accessories,0.28,baseline,30189.95,8453.19,0,0
2024-12-30,1,0,0,4,IoT devices,0.22,baseline,23192.25,5102.3,0,0
2024-12-31,2,0,0,4,fiber packages,0.26,baseline,24543.62,6381.34,0,0
2025-01-01,3,0,1,0,IoT devices,0.0,store_closed,0.0,0.0,0,0
2025-01-02,4,0,0,7,accessories,0.27,post_holiday_dip,25032.21,6758.7,0,0
2025-01-03,5,0,0,7,fiber packages,0.28,post_holiday_dip,25081.33,7022.77,0,0
2025-01-04,6,1,0,14,IoT devices,0.21,post_holiday_dip,29607.47,6217.57,0,0
2025-01-05,0,1,0,14,accessories,0.26,post_holiday_dip,29584.39,7691.94,0,0
2025-01-06,1,0,0,5,fiber packages,0.27,post_holiday_dip,21351.1,5764.8,0,0
2025-01-07,2,0,0,6,fiber packages,0.27,post_holiday_dip,21895.12,5911.68,0,0
2025-01-08,3,0,0,9,IoT devices,0.23,post_holiday_dip,24862.44,5718.36,0,0
2025-01-09,4,0,0,9,smartphones,0.2,post_holiday_dip,24846.83,4969.37,0,0
2025-01-10,5,0,0,7,accessories,0.27,post_holiday_dip,23753.91,6413.56,0,0
2025-01-11,6,1,0,10,IoT devices,0.22,post_holiday_dip,30242.07,6653.26,0,0
2025-01-12,0,1,0,12,smartphones,0.18,post_holiday_dip,28924.8,5206.46,0,0
2025-01-13,1,0,0,4,fiber packages,0.29,post_holiday_dip,21494.16,6233.31,0,0
2025-01-14,2,0,0,5,fiber packages,0.29,post_holiday_dip,22894.79,6639.49,0,0
2025-01-15,3,0,0,8,smartphones,0.17,post_holiday_dip,23104.27,3927.73,0,0
2025-01-16,4,0,0,6,IoT devices,0.22,post_holiday_dip,24572.96,5406.05,0,0
2025-01-17,5,0,0,6,smartphones,0.19,post_holiday_dip,23390.2,4444.14,0,0
2025-01-18,6,1,0,15,accessories,0.28,post_holiday_dip,30159.0,8444.52,0,0
2025-01-19,0,1,0,11,IoT devices,0.22,post_holiday_dip,30430.92,6694.8,0,0
2025-01-20,1,0,0,5,accessories,0.28,post_holiday_dip,22776.87,6377.52,0,0
2025-01-21,2,0,0,6,accessories,0.29,post_holiday_dip,21174.98,6140.74,0,0
2025-01-22,3,0,0,6,smartphones,0.2,post_holiday_dip,24645.03,4929.01,0,0
2025-01-23,4,0,0,7,fiber packages,0.26,post_holiday_dip,23727.13,6169.05,0,0
2025-01-24,5,0,0,9,smartphones,0.15,post_holiday_dip,25268.55,3790.28,0,0
2025-01-25,6,1,0,13,accessories,0.29,post_holiday_dip,28760.72,8340.61,0,0
2025-01-26,0,1,0,10,fiber packages,0.3,post_holiday_dip,30492.66,9147.8,0,0
2025-01-27,1,0,0,4,fiber packages,0.29,post_holiday_dip,20835.26,6042.23,0,0
2025-01-28,2,0,0,5,smartphones,0.16,post_holiday_dip,21016.86,3362.7,0,0
2025-01-29,3,0,0,9,fiber packages,0.28,post_holiday_dip,24382.77,6827.18,0,0
2025-01-30,4,0,0,9,fiber packages,0.28,post_holiday_dip,24915.75,6976.41,0,0
2025-01-31,5,0,0,9,IoT devices,0.23,post_holiday_dip,24422.13,5617.09,0,0
2025-02-01,6,1,0,13,fiber packages,0.29,baseline,31140.34,9030.7,0,0
2025-02-02,0,1,0,13,accessories,0.29,baseline,32855.52,9528.1,0,0
2025-02-03,1,0,0,5,accessories,0.3,baseline,24286.28,7285.88,0,0
2025-02-04,2,0,0,5,accessories,0.26,baseline,23287.84,6054.84,0,0
2025-02-05,3,0,0,8,smartphones,0.2,baseline,26052.91,5210.58,0,0
2025-02-06,4,0,0,7,fiber packages,0.27,baseline,27347.33,7383.78,0,0
2025-02-07,5,0,0,6,IoT devices,0.24,baseline,27740.01,6657.6,0,0
2025-02-08,6,1,0,14,smartphones,0.17,baseline,31560.06,5365.21,0,0
2025-02-09,0,1,0,14,fiber packages,0.25,baseline,32495.81,8123.95,0,0
2025-02-10,1,0,0,4,smartphones,0.17,baseline,23204.02,3944.68,0,0
2025-02-11,2,0,0,5,IoT devices,0.22,baseline,25467.92,5602.94,0,0
2025-02-12,3,0,0,9,accessories,0.29,baseline,25939.02,7522.32,0,0
2025-02-13,4,0,0,7,smartphones,0.17,baseline,28131.9,4782.42,0,0
2025-02-14,5,0,0,7,accessories,0.25,baseline,27988.02,6997.01,0,0
2025-02-15,6,1,0,11,accessories,0.3,baseline,33546.52,10063.96,0,0
2025-02-16,0,1,0,15,smartphones,0.19,baseline,30829.24,5857.56,0,0
2025-02-17,1,0,0,5,fiber packages,0.27,baseline,25437.75,6868.19,0,0
2025-02-18,2,0,0,4,smartphones,0.18,baseline,24261.62,4367.09,0,0
2025-02-19,3,0,0,7,IoT devices,0.24,baseline,27057.06,6493.69,0,0
2025-02-20,4,0,0,7,fiber packages,0.26,baseline,28328.75,7365.48,0,0
2025-02-21,5,0,0,8,fiber packages,0.27,baseline,26090.82,7044.52,0,0
2025-02-22,6,1,0,13,smartphones,0.15,baseline,31835.01,4775.25,0,0
2025-02-23,0,1,0,11,fiber packages,0.26,baseline,33155.98,8620.55,0,0
2025-02-24,1,0,0,4,fiber packages,0.29,baseline,23835.83,6912.39,0,0
2025-02-25,2,0,0,5,IoT devices,0.24,baseline,24407.25,5857.74,0,0
2025-02-26,3,0,0,8,fiber packages,0.29,baseline,28286.62,8203.12,0,0
2025-02-27,4,0,0,7,smartphones,0.18,baseline,27960.93,5032.97,0,0
2025-02-28,5,0,0,7,fiber packages,0.26,baseline,27901.54,7254.4,0,0
2025-03-01,6,1,0,13,IoT devices,0.21,baseline,31617.77,6639.73,0,0
2025-03-02,0,1,0,11,smartphones,0.19,baseline,31707.7,6024.46,0,0
2025-03-03,1,0,0,6,fiber packages,0.26,baseline,25198.72,6551.67,0,0
2025-03-04,2,0,0,4,fiber packages,0.3,baseline,23555.9,7066.77,0,0
2025-03-05,3,0,0,7,IoT devices,0.21,baseline,25851.69,5428.85,0,0
2025-03-06,4,0,0,7,IoT devices,0.22,baseline,26337.24,5794.19,0,0
2025-03-07,5,0,0,6,fiber packages,0.29,baseline,27786.36,8058.04,0,0
2025-03-08,6,1,0,13,IoT devices,0.21,baseline,32531.57,6831.63,0,0
2025-03-09,0,1,0,10,fiber packages,0.26,baseline,31494.11,8188.47,0,0
2025-03-10,1,0,0,6,smartphones,0.16,baseline,24700.02,3952.0,0,0
2025-03-11,2,0,0,6,smartphones,0.16,baseline,24729.31,3956.69,0,0
2025-03-12,3,0,0,8,IoT devices,0.21,baseline,27474.93,5769.74,0,0
2025-03-13,4,0,0,7,IoT devices,0.22,baseline,27195.98,5983.12,0,0
2025-03-14,5,0,0,8,smartphones,0.18,baseline,28094.57,5057.02,0,0
2025-03-15,6,1,0,15,smartphones,0.15,baseline,31780.5,4767.07,0,0
2025-03-16,0,1,0,12,fiber packages,0.3,baseline,31691.54,9507.46,0,0
2025-03-17,1,0,0,5,IoT devices,0.25,baseline,24311.07,6077.77,0,0
2025-03-18,2,0,0,4,accessories,0.26,baseline,25037.61,6509.78,0,0
2025-03-19,3,0,0,8,fiber packages,0.26,baseline,26858.63,6983.24,0,0
2025-03-20,4,0,0,6,accessories,0.28,baseline,26174.91,7328.97,0,0
2025-03-21,5,0,0,7,smartphones,0.17,baseline,28213.51,4796.3,0,0
2025-03-22,6,1,0,11,IoT devices,0.2,baseline,31446.1,6289.22,0,0
2025-03-23,0,1,0,14,fiber packages,0.26,baseline,33248.63,8644.64,0,0
2025-03-24,1,0,0,5,smartphones,0.16,baseline,24634.57,3941.53,0,0
2025-03-25,2,0,0,5,accessories,0.27,baseline,23470.02,6336.91,0,0
2025-03-26,3,0,0,8,smartphones,0.2,baseline,27248.83,5449.77,0,0
2025-03-27,4,0,0,7,smartphones,0.18,baseline,26806.23,4825.12,0,0
2025-03-28,5,0,0,7,accessories,0.29,baseline,26746.9,7756.6,0,0
2025-03-29,6,1,0,11,accessories,0.29,baseline,32948.62,9555.1,0,0
2025-03-30,0,1,0,14,IoT devices,0.25,baseline,33219.42,8304.85,0,0
2025-03-31,1,0,0,4,accessories,0.29,baseline,23506.24,6816.81,0,0
2025-04-01,2,0,0,4,IoT devices,0.23,baseline,23187.99,5333.24,0,0
2025-04-02,3,0,0,9,IoT devices,0.22,baseline,26618.99,5856.18,0,0
2025-04-03,4,0,0,7,smartphones,0.18,baseline,27752.61,4995.47,0,0
2025-04-04,5,0,0,7,IoT devices,0.22,baseline,28186.63,6201.06,0,0
2025-04-05,6,1,0,15,smartphones,0.17,baseline,30905.79,5253.98,0,0
2025-04-06,0,1,0,14,smartphones,0.18,baseline,32208.67,5797.56,0,0
2025-04-07,1,0,0,4,IoT devices,0.22,baseline,23382.59,5144.17,0,0
2025-04-08,2,0,0,4,smartphones,0.15,baseline,23210.78,3481.62,0,0
2025-04-09,3,0,0,7,accessories,0.27,baseline,27764.49,7496.41,0,0
2025-04-10,4,0,0,9,IoT devices,0.24,baseline,27627.18,6630.52,0,0
2025-04-11,5,0,0,9,IoT devices,0.23,baseline,27704.77,6372.1,0,0
2025-04-12,6,1,0,15,accessories,0.27,baseline,31350.83,8464.72,0,0
2025-04-13,0,1,0,14,fiber packages,0.29,baseline,33367.34,9676.53,0,0
2025-04-14,1,0,0,4,smartphones,0.17,easter_week,27483.05,4672.12,1,0
2025-04-15,2,0,0,4,IoT devices,0.2,easter_week,26771.62,5354.32,1,0
2025-04-16,3,0,0,9,smartphones,0.19,easter_week,30582.62,5810.7,1,0
2025-04-17,4,0,0,6,fiber packages,0.29,easter_week,29674.49,8605.6,1,0
2025-04-18,5,0,1,15,smartphones,0.18,easter_week,31917.11,5745.08,1,0
2025-04-19,6,1,0,15,IoT devices,0.2,easter_week,37716.74,7543.35,1,0
2025-04-20,0,1,0,10,smartphones,0.16,easter_week,37027.51,5924.4,1,0
2025-04-21,1,0,0,5,IoT devices,0.23,baseline,23718.9,5455.35,0,0
2025-04-22,2,0,0,6,IoT devices,0.21,baseline,24464.82,5137.61,0,0
2025-04-23,3,0,0,9,accessories,0.26,baseline,28278.87,7352.51,0,0
2025-04-24,4,0,0,7,IoT devices,0.23,baseline,27399.61,6301.91,0,0
2025-04-25,5,0,1,10,fiber packages,0.27,baseline,28857.25,7791.46,0,0
2025-04-26,6,1,0,10,fiber packages,0.29,baseline,31887.07,9247.25,0,0
2025-04-27,0,1,0,13,accessories,0.3,baseline,31541.35,9462.4,0,0
2025-04-28,1,0,0,5,smartphones,0.18,baseline,25352.6,4563.47,0,0
2025-04-29,2,0,0,5,IoT devices,0.22,baseline,23114.84,5085.26,0,0
2025-04-30,3,0,0,8,accessories,0.28,baseline,28281.08,7918.7,0,0
2025-05-01,4,0,1,15,smartphones,0.19,baseline,27609.45,5245.8,0,0
2025-05-02,5,0,0,8,accessories,0.28,baseline,26648.72,7461.64,0,0
2025-05-03,6,1,0,15,smartphones,0.17,baseline,33379.95,5674.59,0,0
2025-05-04,0,1,0,15,IoT devices,0.23,baseline,33908.57,7798.97,0,0
2025-05-05,1,0,0,5,accessories,0.29,baseline,25254.74,7323.87,0,0
2025-05-06,2,0,0,6,smartphones,0.16,baseline,24611.29,3937.81,0,0
2025-05-07,3,0,0,7,accessories,0.28,baseline,25728.87,7204.08,0,0
2025-05-08,4,0,0,7,smartphones,0.17,baseline,26967.18,4584.42,0,0
2025-05-09,5,0,0,6,smartphones,0.16,baseline,28037.23,4485.96,0,0
2025-05-10,6,1,0,13,accessories,0.3,baseline,33936.32,10180.9,0,0
2025-05-11,0,1,0,10,IoT devices,0.21,baseline,33092.65,6949.46,0,0
2025-05-12,1,0,0,5,IoT devices,0.24,baseline,23142.75,5554.26,0,0
2025-05-13,2,0,0,5,IoT devices,0.2,baseline,25144.58,5028.92,0,0
2025-05-14,3,0,0,8,IoT devices,0.21,baseline,26779.53,5623.7,0,0
2025-05-15,4,0,0,9,IoT devices,0.22,baseline,26299.11,5785.8,0,0
2025-05-16,5,0,0,6,smartphones,0.19,baseline,26867.93,5104.91,0,0
2025-05-17,6,1,0,15,smartphones,0.18,baseline,32841.51,5911.47,0,0
2025-05-18,0,1,0,14,IoT devices,0.21,baseline,31375.86,6588.93,0,0
2025-05-19,1,0,0,4,smartphones,0.16,baseline,24595.8,3935.33,0,0
2025-05-20,2,0,0,4,fiber packages,0.29,baseline,23621.66,6850.28,0,0
2025-05-21,3,0,0,6,smartphones,0.2,baseline,26985.05,5397.01,0,0
2025-05-22,4,0,0,8,IoT devices,0.23,baseline,27367.61,6294.55,0,0
2025-05-23,5,0,0,8,smartphones,0.17,baseline,28064.53,4770.97,0,0
2025-05-24,6,1,0,10,fiber packages,0.3,baseline,31825.48,9547.64,0,0
2025-05-25,0,1,0,10,smartphones,0.15,baseline,32701.49,4905.22,0,0
2025-05-26,1,0,0,6,IoT devices,0.21,baseline,23625.88,4961.43,0,0
2025-05-27,2,0,0,5,smartphones,0.15,baseline,24336.63,3650.49,0,0
2025-05-28,3,0,0,8,IoT devices,0.24,baseline,25724.64,6173.91,0,0
2025-05-29,4,0,0,9,smartphones,0.17,baseline,25866.74,4397.35,0,0
2025-05-30,5,0,0,6,IoT devices,0.22,baseline,26350.89,5797.2,0,0
2025-05-31,6,1,0,14,fiber packages,0.26,baseline,31262.77,8128.32,0,0
2025-06-01,0,1,0,11,fiber packages,0.28,baseline,32841.38,9195.59,0,0
2025-06-02,1,0,0,6,accessories,0.26,baseline,23276.69,6051.94,0,0
2025-06-03,2,0,0,4,smartphones,0.2,baseline,24153.66,4830.73,0,0
2025-06-04,3,0,0,9,smartphones,0.19,baseline,27558.38,5236.09,0,0
2025-06-05,4,0,0,7,fiber packages,0.29,baseline,26689.1,7739.84,0,0
2025-06-06,5,0,0,9,IoT devices,0.22,baseline,28102.25,6182.49,0,0
2025-06-07,6,1,0,14,smartphones,0.18,baseline,32456.14,5842.11,0,0
2025-06-08,0,1,0,15,IoT devices,0.24,baseline,32411.54,7778.77,0,0
2025-06-09,1,0,0,5,IoT devices,0.21,baseline,25440.51,5342.51,0,0
2025-06-10,2,0,1,11,IoT devices,0.22,baseline,24713.41,5436.95,0,0
2025-06-11,3,0,0,8,smartphones,0.16,baseline,27326.9,4372.3,0,0
2025-06-12,4,0,0,7,IoT devices,0.24,baseline,26338.38,6321.21,0,0
2025-06-13,5,0,0,8,IoT devices,0.2,baseline,26215.93,5243.19,0,0
2025-06-14,6,1,0,15,accessories,0.26,baseline,33416.18,8688.21,0,0
2025-06-15,0,1,0,12,smartphones,0.18,baseline,32363.57,5825.44,0,0
2025-06-16,1,0,0,6,fiber packages,0.25,baseline,24766.27,6191.57,0,0
2025-06-17,2,0,0,6,fiber packages,0.25,baseline,25204.92,6301.23,0,0
2025-06-18,3,0,0,6,fiber packages,0.3,baseline,25787.07,7736.12,0,0
2025-06-19,4,0,1,10,fiber packages,0.26,baseline,27738.59,7212.03,0,0
2025-06-20,5,0,0,9,smartphones,0.16,baseline,27091.29,4334.61,0,0
2025-06-21,6,1,0,11,IoT devices,0.21,baseline,33430.3,7020.36,0,0
2025-06-22,0,1,0,15,accessories,0.27,baseline,32246.13,8706.46,0,0
2025-06-23,1,0,0,4,smartphones,0.2,baseline,24894.95,4978.99,0,0
2025-06-24,2,0,1,13,smartphones,0.15,baseline,25351.81,3802.77,0,0
2025-06-25,3,0,0,6,smartphones,0.17,baseline,26818.51,4559.15,0,0
2025-06-26,4,0,0,8,smartphones,0.2,baseline,27951.85,5590.37,0,0
2025-06-27,5,0,0,9,IoT devices,0.24,baseline,27053.27,6492.78,0,0
2025-06-28,6,1,0,11,fiber packages,0.27,baseline,31193.63,8422.28,0,0
2025-06-29,0,1,0,14,smartphones,0.16,baseline,31596.4,5055.42,0,0